
/home/junnaaa/cubebot-project/project_cpp/build/main.elf:     file format elf32-littlearm

Sections:
Idx Name          Size      VMA       LMA       File off  Algn
  0 .boot2        00000100  10000000  10000000  00001000  2**0
                  CONTENTS, ALLOC, LOAD, READONLY, CODE
  1 .text         0000204c  10000100  10000100  00001100  2**3
                  CONTENTS, ALLOC, LOAD, READONLY, CODE
  2 .rodata       00000120  1000214c  1000214c  0000314c  2**2
                  CONTENTS, ALLOC, LOAD, READONLY, DATA
  3 .binary_info  00000028  1000226c  1000226c  0000326c  2**2
                  CONTENTS, ALLOC, LOAD, READONLY, DATA
  4 .ram_vector_table 000000c0  20000000  20000000  00005000  2**2
                  ALLOC
  5 .uninitialized_data 00000000  200000c0  200000c0  00004244  2**0
                  CONTENTS
  6 .data         00000184  200000c0  10002294  000040c0  2**4
                  CONTENTS, ALLOC, LOAD, READONLY, CODE
  7 .tdata        00000000  20000244  20000244  00004244  2**0
                  CONTENTS, ALLOC, LOAD, DATA, THREAD_LOCAL
  8 .tbss         00000000  20000244  20000244  00000000  2**0
                  ALLOC, THREAD_LOCAL
  9 .bss          00000594  20000248  10002418  00004248  2**3
                  ALLOC
 10 .heap         00000800  200007dc  10002418  000047dc  2**2
                  ALLOC, READONLY
 11 .scratch_x    00000000  20040000  20040000  00004244  2**0
                  CONTENTS
 12 .scratch_y    00000000  20041000  20041000  00004244  2**0
                  CONTENTS
 13 .stack_dummy  00000800  20041000  20041000  00005000  2**5
                  ALLOC, READONLY
 14 .ARM.attributes 00000028  00000000  00000000  00004244  2**0
                  CONTENTS, READONLY
 15 .comment      0000001e  00000000  00000000  0000426c  2**0
                  CONTENTS, READONLY
 16 .debug_info   00020332  00000000  00000000  0000428a  2**0
                  CONTENTS, READONLY, DEBUGGING, OCTETS
 17 .debug_abbrev 00005db6  00000000  00000000  000245bc  2**0
                  CONTENTS, READONLY, DEBUGGING, OCTETS
 18 .debug_loclists 00011a22  00000000  00000000  0002a372  2**0
                  CONTENTS, READONLY, DEBUGGING, OCTETS
 19 .debug_aranges 00001070  00000000  00000000  0003bd98  2**3
                  CONTENTS, READONLY, DEBUGGING, OCTETS
 20 .debug_rnglists 00003106  00000000  00000000  0003ce08  2**0
                  CONTENTS, READONLY, DEBUGGING, OCTETS
 21 .debug_line   000177be  00000000  00000000  0003ff0e  2**0
                  CONTENTS, READONLY, DEBUGGING, OCTETS
 22 .debug_str    00005bdc  00000000  00000000  000576cc  2**0
                  CONTENTS, READONLY, DEBUGGING, OCTETS
 23 .debug_frame  00001d80  00000000  00000000  0005d2a8  2**2
                  CONTENTS, READONLY, DEBUGGING, OCTETS
 24 .debug_line_str 000002d6  00000000  00000000  0005f028  2**0
                  CONTENTS, READONLY, DEBUGGING, OCTETS

/home/junnaaa/cubebot-project/project_cpp/build/main.elf:     file format elf32-littlearm


Disassembly of section .boot2:

10000000 <__boot2_start__>:
10000000:	4b32b500 	.word	0x4b32b500
10000004:	60582021 	.word	0x60582021
10000008:	21026898 	.word	0x21026898
1000000c:	60984388 	.word	0x60984388
10000010:	611860d8 	.word	0x611860d8
10000014:	4b2e6158 	.word	0x4b2e6158
10000018:	60992100 	.word	0x60992100
1000001c:	61592102 	.word	0x61592102
10000020:	22f02101 	.word	0x22f02101
10000024:	492b5099 	.word	0x492b5099
10000028:	21016019 	.word	0x21016019
1000002c:	20356099 	.word	0x20356099
10000030:	f844f000 	.word	0xf844f000
10000034:	42902202 	.word	0x42902202
10000038:	2106d014 	.word	0x2106d014
1000003c:	f0006619 	.word	0xf0006619
10000040:	6e19f834 	.word	0x6e19f834
10000044:	66192101 	.word	0x66192101
10000048:	66182000 	.word	0x66182000
1000004c:	f000661a 	.word	0xf000661a
10000050:	6e19f82c 	.word	0x6e19f82c
10000054:	6e196e19 	.word	0x6e196e19
10000058:	f0002005 	.word	0xf0002005
1000005c:	2101f82f 	.word	0x2101f82f
10000060:	d1f94208 	.word	0xd1f94208
10000064:	60992100 	.word	0x60992100
10000068:	6019491b 	.word	0x6019491b
1000006c:	60592100 	.word	0x60592100
10000070:	481b491a 	.word	0x481b491a
10000074:	21016001 	.word	0x21016001
10000078:	21eb6099 	.word	0x21eb6099
1000007c:	21a06619 	.word	0x21a06619
10000080:	f0006619 	.word	0xf0006619
10000084:	2100f812 	.word	0x2100f812
10000088:	49166099 	.word	0x49166099
1000008c:	60014814 	.word	0x60014814
10000090:	60992101 	.word	0x60992101
10000094:	2800bc01 	.word	0x2800bc01
10000098:	4700d000 	.word	0x4700d000
1000009c:	49134812 	.word	0x49134812
100000a0:	c8036008 	.word	0xc8036008
100000a4:	8808f380 	.word	0x8808f380
100000a8:	b5034708 	.word	0xb5034708
100000ac:	20046a99 	.word	0x20046a99
100000b0:	d0fb4201 	.word	0xd0fb4201
100000b4:	42012001 	.word	0x42012001
100000b8:	bd03d1f8 	.word	0xbd03d1f8
100000bc:	6618b502 	.word	0x6618b502
100000c0:	f7ff6618 	.word	0xf7ff6618
100000c4:	6e18fff2 	.word	0x6e18fff2
100000c8:	bd026e18 	.word	0xbd026e18
100000cc:	40020000 	.word	0x40020000
100000d0:	18000000 	.word	0x18000000
100000d4:	00070000 	.word	0x00070000
100000d8:	005f0300 	.word	0x005f0300
100000dc:	00002221 	.word	0x00002221
100000e0:	180000f4 	.word	0x180000f4
100000e4:	a0002022 	.word	0xa0002022
100000e8:	10000100 	.word	0x10000100
100000ec:	e000ed08 	.word	0xe000ed08
	...
100000fc:	7a4eb274 	.word	0x7a4eb274

Disassembly of section .text:

10000100 <__VECTOR_TABLE>:
10000100:	20042000 	.word	0x20042000
10000104:	100001f7 	.word	0x100001f7
10000108:	100001cb 	.word	0x100001cb
1000010c:	100001cd 	.word	0x100001cd
10000110:	100001c9 	.word	0x100001c9
10000114:	100001c9 	.word	0x100001c9
10000118:	100001c9 	.word	0x100001c9
1000011c:	100001c9 	.word	0x100001c9
10000120:	100001c9 	.word	0x100001c9
10000124:	100001c9 	.word	0x100001c9
10000128:	100001c9 	.word	0x100001c9
1000012c:	100001cf 	.word	0x100001cf
10000130:	100001c9 	.word	0x100001c9
10000134:	100001c9 	.word	0x100001c9
10000138:	100001d1 	.word	0x100001d1
1000013c:	100001d3 	.word	0x100001d3
10000140:	100001c1 	.word	0x100001c1
10000144:	100001c1 	.word	0x100001c1
10000148:	100001c1 	.word	0x100001c1
1000014c:	100001c1 	.word	0x100001c1
10000150:	100001c1 	.word	0x100001c1
10000154:	100001c1 	.word	0x100001c1
10000158:	100001c1 	.word	0x100001c1
1000015c:	100001c1 	.word	0x100001c1
10000160:	100001c1 	.word	0x100001c1
10000164:	100001c1 	.word	0x100001c1
10000168:	100001c1 	.word	0x100001c1
1000016c:	100001c1 	.word	0x100001c1
10000170:	100001c1 	.word	0x100001c1
10000174:	100001c1 	.word	0x100001c1
10000178:	100001c1 	.word	0x100001c1
1000017c:	100001c1 	.word	0x100001c1
10000180:	100001c1 	.word	0x100001c1
10000184:	100001c1 	.word	0x100001c1
10000188:	100001c1 	.word	0x100001c1
1000018c:	100001c1 	.word	0x100001c1
10000190:	100001c1 	.word	0x100001c1
10000194:	100001c1 	.word	0x100001c1
10000198:	100001c1 	.word	0x100001c1
1000019c:	100001c1 	.word	0x100001c1
100001a0:	100001c1 	.word	0x100001c1
100001a4:	100001c1 	.word	0x100001c1
100001a8:	100001c1 	.word	0x100001c1
100001ac:	100001c1 	.word	0x100001c1
100001b0:	100001c1 	.word	0x100001c1
100001b4:	100001c1 	.word	0x100001c1
100001b8:	100001c1 	.word	0x100001c1
100001bc:	100001c1 	.word	0x100001c1

100001c0 <__unhandled_user_irq>:
100001c0:	f3ef 8005 	mrs	r0, IPSR
100001c4:	3810      	subs	r0, #16

100001c6 <unhandled_user_irq_num_in_r0>:
100001c6:	be00      	bkpt	0x0000

100001c8 <isr_invalid>:
100001c8:	be00      	bkpt	0x0000

100001ca <isr_nmi>:
100001ca:	be00      	bkpt	0x0000

100001cc <isr_hardfault>:
100001cc:	be00      	bkpt	0x0000

100001ce <isr_svcall>:
100001ce:	be00      	bkpt	0x0000

100001d0 <isr_pendsv>:
100001d0:	be00      	bkpt	0x0000

100001d2 <isr_systick>:
100001d2:	be00      	bkpt	0x0000

100001d4 <__default_isrs_end>:
100001d4:	7188ebf2 	.word	0x7188ebf2
100001d8:	1000226c 	.word	0x1000226c
100001dc:	10002294 	.word	0x10002294
100001e0:	10000238 	.word	0x10000238
100001e4:	e71aa390 	.word	0xe71aa390

100001e8 <_entry_point>:
100001e8:	481e      	ldr	r0, [pc, #120]	@ (10000264 <data_cpy_table+0x2c>)

100001ea <_enter_vtable_in_r0>:
100001ea:	491f      	ldr	r1, [pc, #124]	@ (10000268 <data_cpy_table+0x30>)
100001ec:	6008      	str	r0, [r1, #0]
100001ee:	c806      	ldmia	r0!, {r1, r2}
100001f0:	f381 8808 	msr	MSP, r1
100001f4:	4710      	bx	r2

100001f6 <_reset_handler>:
100001f6:	481d      	ldr	r0, [pc, #116]	@ (1000026c <data_cpy_table+0x34>)
100001f8:	6800      	ldr	r0, [r0, #0]
100001fa:	2800      	cmp	r0, #0
100001fc:	d001      	beq.n	10000202 <hold_non_core0_in_bootrom+0x4>

100001fe <hold_non_core0_in_bootrom>:
100001fe:	4819      	ldr	r0, [pc, #100]	@ (10000264 <data_cpy_table+0x2c>)
10000200:	e7f3      	b.n	100001ea <_enter_vtable_in_r0>
10000202:	a40d      	add	r4, pc, #52	@ (adr r4, 10000238 <data_cpy_table>)
10000204:	cc0e      	ldmia	r4!, {r1, r2, r3}
10000206:	2900      	cmp	r1, #0
10000208:	d002      	beq.n	10000210 <hold_non_core0_in_bootrom+0x12>
1000020a:	f000 f812 	bl	10000232 <data_cpy>
1000020e:	e7f9      	b.n	10000204 <hold_non_core0_in_bootrom+0x6>
10000210:	4917      	ldr	r1, [pc, #92]	@ (10000270 <data_cpy_table+0x38>)
10000212:	4a18      	ldr	r2, [pc, #96]	@ (10000274 <data_cpy_table+0x3c>)
10000214:	2000      	movs	r0, #0
10000216:	e000      	b.n	1000021a <bss_fill_test>

10000218 <bss_fill_loop>:
10000218:	c101      	stmia	r1!, {r0}

1000021a <bss_fill_test>:
1000021a:	4291      	cmp	r1, r2
1000021c:	d1fc      	bne.n	10000218 <bss_fill_loop>

1000021e <platform_entry>:
1000021e:	4916      	ldr	r1, [pc, #88]	@ (10000278 <data_cpy_table+0x40>)
10000220:	4788      	blx	r1
10000222:	4916      	ldr	r1, [pc, #88]	@ (1000027c <data_cpy_table+0x44>)
10000224:	4788      	blx	r1
10000226:	4916      	ldr	r1, [pc, #88]	@ (10000280 <data_cpy_table+0x48>)
10000228:	4788      	blx	r1
1000022a:	be00      	bkpt	0x0000
1000022c:	e7fd      	b.n	1000022a <platform_entry+0xc>

1000022e <data_cpy_loop>:
1000022e:	c901      	ldmia	r1!, {r0}
10000230:	c201      	stmia	r2!, {r0}

10000232 <data_cpy>:
10000232:	429a      	cmp	r2, r3
10000234:	d3fb      	bcc.n	1000022e <data_cpy_loop>
10000236:	4770      	bx	lr

10000238 <data_cpy_table>:
10000238:	10002294 	.word	0x10002294
1000023c:	200000c0 	.word	0x200000c0
10000240:	20000244 	.word	0x20000244
10000244:	10002418 	.word	0x10002418
10000248:	20040000 	.word	0x20040000
1000024c:	20040000 	.word	0x20040000
10000250:	10002418 	.word	0x10002418
10000254:	20041000 	.word	0x20041000
10000258:	20041000 	.word	0x20041000
1000025c:	00000000 	.word	0x00000000
10000260:	4770      	bx	lr
10000262:	0000      	.short	0x0000
10000264:	00000000 	.word	0x00000000
10000268:	e000ed08 	.word	0xe000ed08
1000026c:	d0000000 	.word	0xd0000000
10000270:	20000244 	.word	0x20000244
10000274:	200007dc 	.word	0x200007dc
10000278:	10001a95 	.word	0x10001a95
1000027c:	100002a9 	.word	0x100002a9
10000280:	10001a8d 	.word	0x10001a8d

10000284 <_init>:
10000284:	b5f8      	push	{r3, r4, r5, r6, r7, lr}
10000286:	46c0      	nop			@ (mov r8, r8)

10000288 <frame_dummy>:
10000288:	4b04      	ldr	r3, [pc, #16]	@ (1000029c <frame_dummy+0x14>)
1000028a:	b510      	push	{r4, lr}
1000028c:	2b00      	cmp	r3, #0
1000028e:	d003      	beq.n	10000298 <frame_dummy+0x10>
10000290:	4903      	ldr	r1, [pc, #12]	@ (100002a0 <frame_dummy+0x18>)
10000292:	4804      	ldr	r0, [pc, #16]	@ (100002a4 <frame_dummy+0x1c>)
10000294:	e000      	b.n	10000298 <frame_dummy+0x10>
10000296:	bf00      	nop
10000298:	bd10      	pop	{r4, pc}
1000029a:	46c0      	nop			@ (mov r8, r8)
1000029c:	00000000 	.word	0x00000000
100002a0:	200007a0 	.word	0x200007a0
100002a4:	1000214c 	.word	0x1000214c

100002a8 <main>:
100002a8:	b5f0      	push	{r4, r5, r6, r7, lr}
100002aa:	464f      	mov	r7, r9
100002ac:	46d6      	mov	lr, sl
100002ae:	4646      	mov	r6, r8
100002b0:	b5c0      	push	{r6, r7, lr}
100002b2:	b086      	sub	sp, #24
100002b4:	f001 fcfa 	bl	10001cac <stdio_init_all>
100002b8:	4b56      	ldr	r3, [pc, #344]	@ (10000414 <main+0x16c>)
100002ba:	25d0      	movs	r5, #208	@ 0xd0
100002bc:	9300      	str	r3, [sp, #0]
100002be:	4b56      	ldr	r3, [pc, #344]	@ (10000418 <main+0x170>)
100002c0:	46e8      	mov	r8, sp
100002c2:	9301      	str	r3, [sp, #4]
100002c4:	ab01      	add	r3, sp, #4
100002c6:	466c      	mov	r4, sp
100002c8:	4699      	mov	r9, r3
100002ca:	2701      	movs	r7, #1
100002cc:	062d      	lsls	r5, r5, #24
100002ce:	7826      	ldrb	r6, [r4, #0]
100002d0:	3401      	adds	r4, #1
100002d2:	0030      	movs	r0, r6
100002d4:	f000 f8c2 	bl	1000045c <gpio_init>
100002d8:	003b      	movs	r3, r7
100002da:	40b3      	lsls	r3, r6
100002dc:	2096      	movs	r0, #150	@ 0x96
100002de:	001e      	movs	r6, r3
100002e0:	626b      	str	r3, [r5, #36]	@ 0x24
100002e2:	0040      	lsls	r0, r0, #1
100002e4:	616b      	str	r3, [r5, #20]
100002e6:	f000 fdfd 	bl	10000ee4 <sleep_ms>
100002ea:	61ae      	str	r6, [r5, #24]
100002ec:	45a1      	cmp	r9, r4
100002ee:	d1ee      	bne.n	100002ce <main+0x26>
100002f0:	4b4a      	ldr	r3, [pc, #296]	@ (1000041c <main+0x174>)
100002f2:	25d0      	movs	r5, #208	@ 0xd0
100002f4:	9303      	str	r3, [sp, #12]
100002f6:	4b48      	ldr	r3, [pc, #288]	@ (10000418 <main+0x170>)
100002f8:	2701      	movs	r7, #1
100002fa:	9304      	str	r3, [sp, #16]
100002fc:	ab03      	add	r3, sp, #12
100002fe:	4699      	mov	r9, r3
10000300:	001c      	movs	r4, r3
10000302:	ab04      	add	r3, sp, #16
10000304:	469a      	mov	sl, r3
10000306:	062d      	lsls	r5, r5, #24
10000308:	7826      	ldrb	r6, [r4, #0]
1000030a:	3401      	adds	r4, #1
1000030c:	0030      	movs	r0, r6
1000030e:	f000 f8a5 	bl	1000045c <gpio_init>
10000312:	003b      	movs	r3, r7
10000314:	40b3      	lsls	r3, r6
10000316:	2096      	movs	r0, #150	@ 0x96
10000318:	001e      	movs	r6, r3
1000031a:	626b      	str	r3, [r5, #36]	@ 0x24
1000031c:	0040      	lsls	r0, r0, #1
1000031e:	616b      	str	r3, [r5, #20]
10000320:	f000 fde0 	bl	10000ee4 <sleep_ms>
10000324:	61ae      	str	r6, [r5, #24]
10000326:	4554      	cmp	r4, sl
10000328:	d1ee      	bne.n	10000308 <main+0x60>
1000032a:	24d0      	movs	r4, #208	@ 0xd0
1000032c:	2501      	movs	r5, #1
1000032e:	0624      	lsls	r4, r4, #24
10000330:	230c      	movs	r3, #12
10000332:	2600      	movs	r6, #0
10000334:	e01f      	b.n	10000376 <main+0xce>
10000336:	2202      	movs	r2, #2
10000338:	61a5      	str	r5, [r4, #24]
1000033a:	421a      	tst	r2, r3
1000033c:	d121      	bne.n	10000382 <main+0xda>
1000033e:	61a2      	str	r2, [r4, #24]
10000340:	2204      	movs	r2, #4
10000342:	421a      	tst	r2, r3
10000344:	d121      	bne.n	1000038a <main+0xe2>
10000346:	2708      	movs	r7, #8
10000348:	61a2      	str	r2, [r4, #24]
1000034a:	421f      	tst	r7, r3
1000034c:	d121      	bne.n	10000392 <main+0xea>
1000034e:	61a7      	str	r7, [r4, #24]
10000350:	2100      	movs	r1, #0
10000352:	4833      	ldr	r0, [pc, #204]	@ (10000420 <main+0x178>)
10000354:	f000 fd50 	bl	10000df8 <sleep_us>
10000358:	2302      	movs	r3, #2
1000035a:	61a5      	str	r5, [r4, #24]
1000035c:	61a3      	str	r3, [r4, #24]
1000035e:	3302      	adds	r3, #2
10000360:	61a3      	str	r3, [r4, #24]
10000362:	2380      	movs	r3, #128	@ 0x80
10000364:	3601      	adds	r6, #1
10000366:	61a7      	str	r7, [r4, #24]
10000368:	011b      	lsls	r3, r3, #4
1000036a:	429e      	cmp	r6, r3
1000036c:	d013      	beq.n	10000396 <main+0xee>
1000036e:	2303      	movs	r3, #3
10000370:	4033      	ands	r3, r6
10000372:	4443      	add	r3, r8
10000374:	791b      	ldrb	r3, [r3, #4]
10000376:	421d      	tst	r5, r3
10000378:	d0dd      	beq.n	10000336 <main+0x8e>
1000037a:	2202      	movs	r2, #2
1000037c:	6165      	str	r5, [r4, #20]
1000037e:	421a      	tst	r2, r3
10000380:	d0dd      	beq.n	1000033e <main+0x96>
10000382:	6162      	str	r2, [r4, #20]
10000384:	2204      	movs	r2, #4
10000386:	421a      	tst	r2, r3
10000388:	d0dd      	beq.n	10000346 <main+0x9e>
1000038a:	2708      	movs	r7, #8
1000038c:	6162      	str	r2, [r4, #20]
1000038e:	421f      	tst	r7, r3
10000390:	d0dd      	beq.n	1000034e <main+0xa6>
10000392:	6167      	str	r7, [r4, #20]
10000394:	e7dc      	b.n	10000350 <main+0xa8>
10000396:	230c      	movs	r3, #12
10000398:	2600      	movs	r6, #0
1000039a:	2708      	movs	r7, #8
1000039c:	e022      	b.n	100003e4 <main+0x13c>
1000039e:	61a2      	str	r2, [r4, #24]
100003a0:	075a      	lsls	r2, r3, #29
100003a2:	d425      	bmi.n	100003f0 <main+0x148>
100003a4:	2220      	movs	r2, #32
100003a6:	61a2      	str	r2, [r4, #24]
100003a8:	079a      	lsls	r2, r3, #30
100003aa:	d425      	bmi.n	100003f8 <main+0x150>
100003ac:	2240      	movs	r2, #64	@ 0x40
100003ae:	61a2      	str	r2, [r4, #24]
100003b0:	421d      	tst	r5, r3
100003b2:	d125      	bne.n	10000400 <main+0x158>
100003b4:	2380      	movs	r3, #128	@ 0x80
100003b6:	469a      	mov	sl, r3
100003b8:	61a3      	str	r3, [r4, #24]
100003ba:	2100      	movs	r1, #0
100003bc:	4819      	ldr	r0, [pc, #100]	@ (10000424 <main+0x17c>)
100003be:	f000 fd1b 	bl	10000df8 <sleep_us>
100003c2:	2310      	movs	r3, #16
100003c4:	61a3      	str	r3, [r4, #24]
100003c6:	3310      	adds	r3, #16
100003c8:	61a3      	str	r3, [r4, #24]
100003ca:	3320      	adds	r3, #32
100003cc:	61a3      	str	r3, [r4, #24]
100003ce:	4653      	mov	r3, sl
100003d0:	61a3      	str	r3, [r4, #24]
100003d2:	2380      	movs	r3, #128	@ 0x80
100003d4:	3601      	adds	r6, #1
100003d6:	011b      	lsls	r3, r3, #4
100003d8:	429e      	cmp	r6, r3
100003da:	d015      	beq.n	10000408 <main+0x160>
100003dc:	2303      	movs	r3, #3
100003de:	4033      	ands	r3, r6
100003e0:	444b      	add	r3, r9
100003e2:	791b      	ldrb	r3, [r3, #4]
100003e4:	2210      	movs	r2, #16
100003e6:	421f      	tst	r7, r3
100003e8:	d0d9      	beq.n	1000039e <main+0xf6>
100003ea:	6162      	str	r2, [r4, #20]
100003ec:	075a      	lsls	r2, r3, #29
100003ee:	d5d9      	bpl.n	100003a4 <main+0xfc>
100003f0:	2220      	movs	r2, #32
100003f2:	6162      	str	r2, [r4, #20]
100003f4:	079a      	lsls	r2, r3, #30
100003f6:	d5d9      	bpl.n	100003ac <main+0x104>
100003f8:	2240      	movs	r2, #64	@ 0x40
100003fa:	6162      	str	r2, [r4, #20]
100003fc:	421d      	tst	r5, r3
100003fe:	d0d9      	beq.n	100003b4 <main+0x10c>
10000400:	2380      	movs	r3, #128	@ 0x80
10000402:	469a      	mov	sl, r3
10000404:	6163      	str	r3, [r4, #20]
10000406:	e7d8      	b.n	100003ba <main+0x112>
10000408:	20fa      	movs	r0, #250	@ 0xfa
1000040a:	0040      	lsls	r0, r0, #1
1000040c:	f000 fd6a 	bl	10000ee4 <sleep_ms>
10000410:	e78e      	b.n	10000330 <main+0x88>
10000412:	46c0      	nop			@ (mov r8, r8)
10000414:	03020100 	.word	0x03020100
10000418:	0903060c 	.word	0x0903060c
1000041c:	07060504 	.word	0x07060504
10000420:	00000533 	.word	0x00000533
10000424:	000007a1 	.word	0x000007a1

10000428 <gpio_set_function>:
10000428:	4a09      	ldr	r2, [pc, #36]	@ (10000450 <gpio_set_function+0x28>)
1000042a:	0083      	lsls	r3, r0, #2
1000042c:	189a      	adds	r2, r3, r2
1000042e:	b510      	push	{r4, lr}
10000430:	6814      	ldr	r4, [r2, #0]
10000432:	2240      	movs	r2, #64	@ 0x40
10000434:	4054      	eors	r4, r2
10000436:	3280      	adds	r2, #128	@ 0x80
10000438:	4022      	ands	r2, r4
1000043a:	4c06      	ldr	r4, [pc, #24]	@ (10000454 <gpio_set_function+0x2c>)
1000043c:	00c0      	lsls	r0, r0, #3
1000043e:	46a4      	mov	ip, r4
10000440:	4463      	add	r3, ip
10000442:	601a      	str	r2, [r3, #0]
10000444:	4b04      	ldr	r3, [pc, #16]	@ (10000458 <gpio_set_function+0x30>)
10000446:	469c      	mov	ip, r3
10000448:	4460      	add	r0, ip
1000044a:	6041      	str	r1, [r0, #4]
1000044c:	bd10      	pop	{r4, pc}
1000044e:	46c0      	nop			@ (mov r8, r8)
10000450:	4001c004 	.word	0x4001c004
10000454:	4001d004 	.word	0x4001d004
10000458:	40014000 	.word	0x40014000

1000045c <gpio_init>:
1000045c:	2301      	movs	r3, #1
1000045e:	22d0      	movs	r2, #208	@ 0xd0
10000460:	4083      	lsls	r3, r0
10000462:	0612      	lsls	r2, r2, #24
10000464:	6293      	str	r3, [r2, #40]	@ 0x28
10000466:	6193      	str	r3, [r2, #24]
10000468:	4a09      	ldr	r2, [pc, #36]	@ (10000490 <gpio_init+0x34>)
1000046a:	0083      	lsls	r3, r0, #2
1000046c:	189a      	adds	r2, r3, r2
1000046e:	6811      	ldr	r1, [r2, #0]
10000470:	2240      	movs	r2, #64	@ 0x40
10000472:	4051      	eors	r1, r2
10000474:	3280      	adds	r2, #128	@ 0x80
10000476:	400a      	ands	r2, r1
10000478:	4906      	ldr	r1, [pc, #24]	@ (10000494 <gpio_init+0x38>)
1000047a:	00c0      	lsls	r0, r0, #3
1000047c:	468c      	mov	ip, r1
1000047e:	4463      	add	r3, ip
10000480:	601a      	str	r2, [r3, #0]
10000482:	4b05      	ldr	r3, [pc, #20]	@ (10000498 <gpio_init+0x3c>)
10000484:	469c      	mov	ip, r3
10000486:	2305      	movs	r3, #5
10000488:	4460      	add	r0, ip
1000048a:	6043      	str	r3, [r0, #4]
1000048c:	4770      	bx	lr
1000048e:	46c0      	nop			@ (mov r8, r8)
10000490:	4001c004 	.word	0x4001c004
10000494:	4001d004 	.word	0x4001d004
10000498:	40014000 	.word	0x40014000

1000049c <panic>:
1000049c:	b40f      	push	{r0, r1, r2, r3}
1000049e:	b500      	push	{lr}
100004a0:	4808      	ldr	r0, [pc, #32]	@ (100004c4 <panic+0x28>)
100004a2:	b083      	sub	sp, #12
100004a4:	f001 fc52 	bl	10001d4c <__wrap_puts>
100004a8:	9b04      	ldr	r3, [sp, #16]
100004aa:	2b00      	cmp	r3, #0
100004ac:	d007      	beq.n	100004be <panic+0x22>
100004ae:	a905      	add	r1, sp, #20
100004b0:	0018      	movs	r0, r3
100004b2:	9101      	str	r1, [sp, #4]
100004b4:	f001 fad0 	bl	10001a58 <weak_raw_vprintf>
100004b8:	4803      	ldr	r0, [pc, #12]	@ (100004c8 <panic+0x2c>)
100004ba:	f001 fc47 	bl	10001d4c <__wrap_puts>
100004be:	2001      	movs	r0, #1
100004c0:	f001 fae2 	bl	10001a88 <_exit>
100004c4:	1000214c 	.word	0x1000214c
100004c8:	1000215c 	.word	0x1000215c

100004cc <hw_claim_or_assert>:
100004cc:	b570      	push	{r4, r5, r6, lr}
100004ce:	f3ef 8c10 	mrs	ip, PRIMASK
100004d2:	b672      	cpsid	i
100004d4:	4d0d      	ldr	r5, [pc, #52]	@ (1000050c <hw_claim_or_assert+0x40>)
100004d6:	682b      	ldr	r3, [r5, #0]
100004d8:	2b00      	cmp	r3, #0
100004da:	d0fc      	beq.n	100004d6 <hw_claim_or_assert+0xa>
100004dc:	f3bf 8f5f 	dmb	sy
100004e0:	2407      	movs	r4, #7
100004e2:	08cb      	lsrs	r3, r1, #3
100004e4:	18c6      	adds	r6, r0, r3
100004e6:	5cc0      	ldrb	r0, [r0, r3]
100004e8:	2301      	movs	r3, #1
100004ea:	400c      	ands	r4, r1
100004ec:	40a3      	lsls	r3, r4
100004ee:	001c      	movs	r4, r3
100004f0:	4004      	ands	r4, r0
100004f2:	4203      	tst	r3, r0
100004f4:	d107      	bne.n	10000506 <hw_claim_or_assert+0x3a>
100004f6:	4318      	orrs	r0, r3
100004f8:	7030      	strb	r0, [r6, #0]
100004fa:	f3bf 8f5f 	dmb	sy
100004fe:	602c      	str	r4, [r5, #0]
10000500:	f38c 8810 	msr	PRIMASK, ip
10000504:	bd70      	pop	{r4, r5, r6, pc}
10000506:	0010      	movs	r0, r2
10000508:	f7ff ffc8 	bl	1000049c <panic>
1000050c:	d000012c 	.word	0xd000012c

10000510 <next_striped_spin_lock_num>:
10000510:	4a04      	ldr	r2, [pc, #16]	@ (10000524 <next_striped_spin_lock_num+0x14>)
10000512:	7810      	ldrb	r0, [r2, #0]
10000514:	1c43      	adds	r3, r0, #1
10000516:	b2db      	uxtb	r3, r3
10000518:	2b17      	cmp	r3, #23
1000051a:	d900      	bls.n	1000051e <next_striped_spin_lock_num+0xe>
1000051c:	2310      	movs	r3, #16
1000051e:	7013      	strb	r3, [r2, #0]
10000520:	4770      	bx	lr
10000522:	46c0      	nop			@ (mov r8, r8)
10000524:	20000198 	.word	0x20000198

10000528 <spin_locks_reset>:
10000528:	2100      	movs	r1, #0
1000052a:	4b04      	ldr	r3, [pc, #16]	@ (1000053c <spin_locks_reset+0x14>)
1000052c:	4a04      	ldr	r2, [pc, #16]	@ (10000540 <spin_locks_reset+0x18>)
1000052e:	f3bf 8f5f 	dmb	sy
10000532:	c302      	stmia	r3!, {r1}
10000534:	4293      	cmp	r3, r2
10000536:	d1fa      	bne.n	1000052e <spin_locks_reset+0x6>
10000538:	4770      	bx	lr
1000053a:	46c0      	nop			@ (mov r8, r8)
1000053c:	d0000100 	.word	0xd0000100
10000540:	d0000180 	.word	0xd0000180

10000544 <runtime_init_per_core_irq_priorities>:
10000544:	4b05      	ldr	r3, [pc, #20]	@ (1000055c <runtime_init_per_core_irq_priorities+0x18>)
10000546:	4a06      	ldr	r2, [pc, #24]	@ (10000560 <runtime_init_per_core_irq_priorities+0x1c>)
10000548:	6013      	str	r3, [r2, #0]
1000054a:	4a06      	ldr	r2, [pc, #24]	@ (10000564 <runtime_init_per_core_irq_priorities+0x20>)
1000054c:	6013      	str	r3, [r2, #0]
1000054e:	6053      	str	r3, [r2, #4]
10000550:	6093      	str	r3, [r2, #8]
10000552:	60d3      	str	r3, [r2, #12]
10000554:	6113      	str	r3, [r2, #16]
10000556:	6153      	str	r3, [r2, #20]
10000558:	6193      	str	r3, [r2, #24]
1000055a:	4770      	bx	lr
1000055c:	80808080 	.word	0x80808080
10000560:	e000e400 	.word	0xe000e400
10000564:	e000e404 	.word	0xe000e404

10000568 <irq_set_enabled>:
10000568:	231f      	movs	r3, #31
1000056a:	4018      	ands	r0, r3
1000056c:	3b1e      	subs	r3, #30
1000056e:	4083      	lsls	r3, r0
10000570:	2900      	cmp	r1, #0
10000572:	d005      	beq.n	10000580 <irq_set_enabled+0x18>
10000574:	21c0      	movs	r1, #192	@ 0xc0
10000576:	4a04      	ldr	r2, [pc, #16]	@ (10000588 <irq_set_enabled+0x20>)
10000578:	0049      	lsls	r1, r1, #1
1000057a:	5053      	str	r3, [r2, r1]
1000057c:	6013      	str	r3, [r2, #0]
1000057e:	4770      	bx	lr
10000580:	2280      	movs	r2, #128	@ 0x80
10000582:	4901      	ldr	r1, [pc, #4]	@ (10000588 <irq_set_enabled+0x20>)
10000584:	508b      	str	r3, [r1, r2]
10000586:	e7fa      	b.n	1000057e <irq_set_enabled+0x16>
10000588:	e000e100 	.word	0xe000e100

1000058c <irq_set_exclusive_handler>:
1000058c:	b570      	push	{r4, r5, r6, lr}
1000058e:	000d      	movs	r5, r1
10000590:	f3ef 8610 	mrs	r6, PRIMASK
10000594:	b672      	cpsid	i
10000596:	4a0f      	ldr	r2, [pc, #60]	@ (100005d4 <irq_set_exclusive_handler+0x48>)
10000598:	6813      	ldr	r3, [r2, #0]
1000059a:	2b00      	cmp	r3, #0
1000059c:	d0fc      	beq.n	10000598 <irq_set_exclusive_handler+0xc>
1000059e:	f3bf 8f5f 	dmb	sy
100005a2:	4b0d      	ldr	r3, [pc, #52]	@ (100005d8 <irq_set_exclusive_handler+0x4c>)
100005a4:	3010      	adds	r0, #16
100005a6:	689b      	ldr	r3, [r3, #8]
100005a8:	0084      	lsls	r4, r0, #2
100005aa:	591b      	ldr	r3, [r3, r4]
100005ac:	4a0b      	ldr	r2, [pc, #44]	@ (100005dc <irq_set_exclusive_handler+0x50>)
100005ae:	4293      	cmp	r3, r2
100005b0:	d003      	beq.n	100005ba <irq_set_exclusive_handler+0x2e>
100005b2:	429d      	cmp	r5, r3
100005b4:	d001      	beq.n	100005ba <irq_set_exclusive_handler+0x2e>
100005b6:	f001 f81f 	bl	100015f8 <hard_assertion_failure>
100005ba:	4b07      	ldr	r3, [pc, #28]	@ (100005d8 <irq_set_exclusive_handler+0x4c>)
100005bc:	689b      	ldr	r3, [r3, #8]
100005be:	511d      	str	r5, [r3, r4]
100005c0:	f3bf 8f5f 	dmb	sy
100005c4:	f3bf 8f5f 	dmb	sy
100005c8:	2200      	movs	r2, #0
100005ca:	4b02      	ldr	r3, [pc, #8]	@ (100005d4 <irq_set_exclusive_handler+0x48>)
100005cc:	601a      	str	r2, [r3, #0]
100005ce:	f386 8810 	msr	PRIMASK, r6
100005d2:	bd70      	pop	{r4, r5, r6, pc}
100005d4:	d0000124 	.word	0xd0000124
100005d8:	e000ed00 	.word	0xe000ed00
100005dc:	100001c1 	.word	0x100001c1

100005e0 <irq_remove_handler>:
100005e0:	b5f0      	push	{r4, r5, r6, r7, lr}
100005e2:	46de      	mov	lr, fp
100005e4:	4657      	mov	r7, sl
100005e6:	464e      	mov	r6, r9
100005e8:	4645      	mov	r5, r8
100005ea:	b5e0      	push	{r5, r6, r7, lr}
100005ec:	000c      	movs	r4, r1
100005ee:	b083      	sub	sp, #12
100005f0:	f3ef 8810 	mrs	r8, PRIMASK
100005f4:	b672      	cpsid	i
100005f6:	4a63      	ldr	r2, [pc, #396]	@ (10000784 <irq_remove_handler+0x1a4>)
100005f8:	6813      	ldr	r3, [r2, #0]
100005fa:	2b00      	cmp	r3, #0
100005fc:	d0fc      	beq.n	100005f8 <irq_remove_handler+0x18>
100005fe:	f3bf 8f5f 	dmb	sy
10000602:	4b61      	ldr	r3, [pc, #388]	@ (10000788 <irq_remove_handler+0x1a8>)
10000604:	4961      	ldr	r1, [pc, #388]	@ (1000078c <irq_remove_handler+0x1ac>)
10000606:	689a      	ldr	r2, [r3, #8]
10000608:	0003      	movs	r3, r0
1000060a:	3310      	adds	r3, #16
1000060c:	009f      	lsls	r7, r3, #2
1000060e:	59d5      	ldr	r5, [r2, r7]
10000610:	9301      	str	r3, [sp, #4]
10000612:	428d      	cmp	r5, r1
10000614:	d043      	beq.n	1000069e <irq_remove_handler+0xbe>
10000616:	42a5      	cmp	r5, r4
10000618:	d054      	beq.n	100006c4 <irq_remove_handler+0xe4>
1000061a:	4e5d      	ldr	r6, [pc, #372]	@ (10000790 <irq_remove_handler+0x1b0>)
1000061c:	1baa      	subs	r2, r5, r6
1000061e:	2a2f      	cmp	r2, #47	@ 0x2f
10000620:	d83d      	bhi.n	1000069e <irq_remove_handler+0xbe>
10000622:	4b5c      	ldr	r3, [pc, #368]	@ (10000794 <irq_remove_handler+0x1b4>)
10000624:	469b      	mov	fp, r3
10000626:	681b      	ldr	r3, [r3, #0]
10000628:	4699      	mov	r9, r3
1000062a:	2301      	movs	r3, #1
1000062c:	001a      	movs	r2, r3
1000062e:	469c      	mov	ip, r3
10000630:	4082      	lsls	r2, r0
10000632:	464b      	mov	r3, r9
10000634:	4013      	ands	r3, r2
10000636:	221f      	movs	r2, #31
10000638:	4699      	mov	r9, r3
1000063a:	4663      	mov	r3, ip
1000063c:	4002      	ands	r2, r0
1000063e:	4093      	lsls	r3, r2
10000640:	469a      	mov	sl, r3
10000642:	2280      	movs	r2, #128	@ 0x80
10000644:	465b      	mov	r3, fp
10000646:	4650      	mov	r0, sl
10000648:	5098      	str	r0, [r3, r2]
1000064a:	f3bf 8f5f 	dmb	sy
1000064e:	f3ef 8305 	mrs	r3, IPSR
10000652:	469b      	mov	fp, r3
10000654:	2b00      	cmp	r3, #0
10000656:	d037      	beq.n	100006c8 <irq_remove_handler+0xe8>
10000658:	9b01      	ldr	r3, [sp, #4]
1000065a:	455b      	cmp	r3, fp
1000065c:	d001      	beq.n	10000662 <irq_remove_handler+0x82>
1000065e:	f000 ffcb 	bl	100015f8 <hard_assertion_failure>
10000662:	2301      	movs	r3, #1
10000664:	002a      	movs	r2, r5
10000666:	439a      	bics	r2, r3
10000668:	6890      	ldr	r0, [r2, #8]
1000066a:	4284      	cmp	r4, r0
1000066c:	d108      	bne.n	10000680 <irq_remove_handler+0xa0>
1000066e:	e076      	b.n	1000075e <irq_remove_handler+0x17e>
10000670:	004b      	lsls	r3, r1, #1
10000672:	185b      	adds	r3, r3, r1
10000674:	009b      	lsls	r3, r3, #2
10000676:	18f3      	adds	r3, r6, r3
10000678:	6898      	ldr	r0, [r3, #8]
1000067a:	4284      	cmp	r4, r0
1000067c:	d036      	beq.n	100006ec <irq_remove_handler+0x10c>
1000067e:	001a      	movs	r2, r3
10000680:	2106      	movs	r1, #6
10000682:	5651      	ldrsb	r1, [r2, r1]
10000684:	2900      	cmp	r1, #0
10000686:	daf3      	bge.n	10000670 <irq_remove_handler+0x90>
10000688:	4284      	cmp	r4, r0
1000068a:	d054      	beq.n	10000736 <irq_remove_handler+0x156>
1000068c:	464b      	mov	r3, r9
1000068e:	2b00      	cmp	r3, #0
10000690:	d027      	beq.n	100006e2 <irq_remove_handler+0x102>
10000692:	22c0      	movs	r2, #192	@ 0xc0
10000694:	4651      	mov	r1, sl
10000696:	4b3f      	ldr	r3, [pc, #252]	@ (10000794 <irq_remove_handler+0x1b4>)
10000698:	0052      	lsls	r2, r2, #1
1000069a:	5099      	str	r1, [r3, r2]
1000069c:	6019      	str	r1, [r3, #0]
1000069e:	4b3a      	ldr	r3, [pc, #232]	@ (10000788 <irq_remove_handler+0x1a8>)
100006a0:	689b      	ldr	r3, [r3, #8]
100006a2:	51dd      	str	r5, [r3, r7]
100006a4:	f3bf 8f5f 	dmb	sy
100006a8:	f3bf 8f5f 	dmb	sy
100006ac:	2200      	movs	r2, #0
100006ae:	4b35      	ldr	r3, [pc, #212]	@ (10000784 <irq_remove_handler+0x1a4>)
100006b0:	601a      	str	r2, [r3, #0]
100006b2:	f388 8810 	msr	PRIMASK, r8
100006b6:	b003      	add	sp, #12
100006b8:	bcf0      	pop	{r4, r5, r6, r7}
100006ba:	46bb      	mov	fp, r7
100006bc:	46b2      	mov	sl, r6
100006be:	46a9      	mov	r9, r5
100006c0:	46a0      	mov	r8, r4
100006c2:	bdf0      	pop	{r4, r5, r6, r7, pc}
100006c4:	000d      	movs	r5, r1
100006c6:	e7ea      	b.n	1000069e <irq_remove_handler+0xbe>
100006c8:	002a      	movs	r2, r5
100006ca:	4663      	mov	r3, ip
100006cc:	439a      	bics	r2, r3
100006ce:	6890      	ldr	r0, [r2, #8]
100006d0:	4284      	cmp	r4, r0
100006d2:	d1d5      	bne.n	10000680 <irq_remove_handler+0xa0>
100006d4:	2006      	movs	r0, #6
100006d6:	5610      	ldrsb	r0, [r2, r0]
100006d8:	0013      	movs	r3, r2
100006da:	2800      	cmp	r0, #0
100006dc:	da0a      	bge.n	100006f4 <irq_remove_handler+0x114>
100006de:	000d      	movs	r5, r1
100006e0:	e031      	b.n	10000746 <irq_remove_handler+0x166>
100006e2:	2380      	movs	r3, #128	@ 0x80
100006e4:	4651      	mov	r1, sl
100006e6:	4a2b      	ldr	r2, [pc, #172]	@ (10000794 <irq_remove_handler+0x1b4>)
100006e8:	50d1      	str	r1, [r2, r3]
100006ea:	e7d8      	b.n	1000069e <irq_remove_handler+0xbe>
100006ec:	2006      	movs	r0, #6
100006ee:	5618      	ldrsb	r0, [r3, r0]
100006f0:	2800      	cmp	r0, #0
100006f2:	db21      	blt.n	10000738 <irq_remove_handler+0x158>
100006f4:	0042      	lsls	r2, r0, #1
100006f6:	1811      	adds	r1, r2, r0
100006f8:	0089      	lsls	r1, r1, #2
100006fa:	1874      	adds	r4, r6, r1
100006fc:	468b      	mov	fp, r1
100006fe:	68a1      	ldr	r1, [r4, #8]
10000700:	6099      	str	r1, [r3, #8]
10000702:	79e1      	ldrb	r1, [r4, #7]
10000704:	71d9      	strb	r1, [r3, #7]
10000706:	2106      	movs	r1, #6
10000708:	5661      	ldrsb	r1, [r4, r1]
1000070a:	7199      	strb	r1, [r3, #6]
1000070c:	2900      	cmp	r1, #0
1000070e:	db24      	blt.n	1000075a <irq_remove_handler+0x17a>
10000710:	88a4      	ldrh	r4, [r4, #4]
10000712:	1af1      	subs	r1, r6, r3
10000714:	0564      	lsls	r4, r4, #21
10000716:	1524      	asrs	r4, r4, #20
10000718:	445c      	add	r4, fp
1000071a:	1909      	adds	r1, r1, r4
1000071c:	0509      	lsls	r1, r1, #20
1000071e:	4c1e      	ldr	r4, [pc, #120]	@ (10000798 <irq_remove_handler+0x1b8>)
10000720:	0d49      	lsrs	r1, r1, #21
10000722:	4321      	orrs	r1, r4
10000724:	8099      	strh	r1, [r3, #4]
10000726:	1813      	adds	r3, r2, r0
10000728:	4a1c      	ldr	r2, [pc, #112]	@ (1000079c <irq_remove_handler+0x1bc>)
1000072a:	009b      	lsls	r3, r3, #2
1000072c:	7811      	ldrb	r1, [r2, #0]
1000072e:	18f3      	adds	r3, r6, r3
10000730:	7199      	strb	r1, [r3, #6]
10000732:	7010      	strb	r0, [r2, #0]
10000734:	e7aa      	b.n	1000068c <irq_remove_handler+0xac>
10000736:	0013      	movs	r3, r2
10000738:	4659      	mov	r1, fp
1000073a:	2900      	cmp	r1, #0
1000073c:	d114      	bne.n	10000768 <irq_remove_handler+0x188>
1000073e:	31ff      	adds	r1, #255	@ 0xff
10000740:	7191      	strb	r1, [r2, #6]
10000742:	4917      	ldr	r1, [pc, #92]	@ (100007a0 <irq_remove_handler+0x1c0>)
10000744:	8091      	strh	r1, [r2, #4]
10000746:	4915      	ldr	r1, [pc, #84]	@ (1000079c <irq_remove_handler+0x1bc>)
10000748:	780a      	ldrb	r2, [r1, #0]
1000074a:	719a      	strb	r2, [r3, #6]
1000074c:	4a15      	ldr	r2, [pc, #84]	@ (100007a4 <irq_remove_handler+0x1c4>)
1000074e:	1b9b      	subs	r3, r3, r6
10000750:	415b      	adcs	r3, r3
10000752:	435a      	muls	r2, r3
10000754:	0d12      	lsrs	r2, r2, #20
10000756:	700a      	strb	r2, [r1, #0]
10000758:	e798      	b.n	1000068c <irq_remove_handler+0xac>
1000075a:	4911      	ldr	r1, [pc, #68]	@ (100007a0 <irq_remove_handler+0x1c0>)
1000075c:	e7e2      	b.n	10000724 <irq_remove_handler+0x144>
1000075e:	2006      	movs	r0, #6
10000760:	5610      	ldrsb	r0, [r2, r0]
10000762:	0013      	movs	r3, r2
10000764:	2800      	cmp	r0, #0
10000766:	dac5      	bge.n	100006f4 <irq_remove_handler+0x114>
10000768:	4a0f      	ldr	r2, [pc, #60]	@ (100007a8 <irq_remove_handler+0x1c8>)
1000076a:	4910      	ldr	r1, [pc, #64]	@ (100007ac <irq_remove_handler+0x1cc>)
1000076c:	1ad2      	subs	r2, r2, r3
1000076e:	3a08      	subs	r2, #8
10000770:	0250      	lsls	r0, r2, #9
10000772:	0d40      	lsrs	r0, r0, #21
10000774:	4301      	orrs	r1, r0
10000776:	8099      	strh	r1, [r3, #4]
10000778:	490d      	ldr	r1, [pc, #52]	@ (100007b0 <irq_remove_handler+0x1d0>)
1000077a:	0852      	lsrs	r2, r2, #1
1000077c:	430a      	orrs	r2, r1
1000077e:	80da      	strh	r2, [r3, #6]
10000780:	e784      	b.n	1000068c <irq_remove_handler+0xac>
10000782:	46c0      	nop			@ (mov r8, r8)
10000784:	d0000124 	.word	0xd0000124
10000788:	e000ed00 	.word	0xe000ed00
1000078c:	100001c1 	.word	0x100001c1
10000790:	2000019c 	.word	0x2000019c
10000794:	e000e100 	.word	0xe000e100
10000798:	ffffe000 	.word	0xffffe000
1000079c:	200007d8 	.word	0x200007d8
100007a0:	ffffbd01 	.word	0xffffbd01
100007a4:	0000aaaa 	.word	0x0000aaaa
100007a8:	200001d6 	.word	0x200001d6
100007ac:	fffff000 	.word	0xfffff000
100007b0:	fffff800 	.word	0xfffff800

100007b4 <irq_add_tail_to_free_list>:
100007b4:	b570      	push	{r4, r5, r6, lr}
100007b6:	2401      	movs	r4, #1
100007b8:	4304      	orrs	r4, r0
100007ba:	f3ef 8105 	mrs	r1, IPSR
100007be:	f3ef 8c10 	mrs	ip, PRIMASK
100007c2:	b672      	cpsid	i
100007c4:	4a21      	ldr	r2, [pc, #132]	@ (1000084c <irq_add_tail_to_free_list+0x98>)
100007c6:	6813      	ldr	r3, [r2, #0]
100007c8:	2b00      	cmp	r3, #0
100007ca:	d0fc      	beq.n	100007c6 <irq_add_tail_to_free_list+0x12>
100007cc:	f3bf 8f5f 	dmb	sy
100007d0:	4b1f      	ldr	r3, [pc, #124]	@ (10000850 <irq_add_tail_to_free_list+0x9c>)
100007d2:	0005      	movs	r5, r0
100007d4:	4a1f      	ldr	r2, [pc, #124]	@ (10000854 <irq_add_tail_to_free_list+0xa0>)
100007d6:	1aed      	subs	r5, r5, r3
100007d8:	416d      	adcs	r5, r5
100007da:	436a      	muls	r2, r5
100007dc:	0d12      	lsrs	r2, r2, #20
100007de:	4d1e      	ldr	r5, [pc, #120]	@ (10000858 <irq_add_tail_to_free_list+0xa4>)
100007e0:	0089      	lsls	r1, r1, #2
100007e2:	68ae      	ldr	r6, [r5, #8]
100007e4:	b252      	sxtb	r2, r2
100007e6:	5876      	ldr	r6, [r6, r1]
100007e8:	42a6      	cmp	r6, r4
100007ea:	d01c      	beq.n	10000826 <irq_add_tail_to_free_list+0x72>
100007ec:	2106      	movs	r1, #6
100007ee:	5659      	ldrsb	r1, [r3, r1]
100007f0:	4291      	cmp	r1, r2
100007f2:	d01c      	beq.n	1000082e <irq_add_tail_to_free_list+0x7a>
100007f4:	2112      	movs	r1, #18
100007f6:	5659      	ldrsb	r1, [r3, r1]
100007f8:	4291      	cmp	r1, r2
100007fa:	d022      	beq.n	10000842 <irq_add_tail_to_free_list+0x8e>
100007fc:	211e      	movs	r1, #30
100007fe:	5659      	ldrsb	r1, [r3, r1]
10000800:	4291      	cmp	r1, r2
10000802:	d020      	beq.n	10000846 <irq_add_tail_to_free_list+0x92>
10000804:	212a      	movs	r1, #42	@ 0x2a
10000806:	5659      	ldrsb	r1, [r3, r1]
10000808:	2403      	movs	r4, #3
1000080a:	4291      	cmp	r1, r2
1000080c:	d010      	beq.n	10000830 <irq_add_tail_to_free_list+0x7c>
1000080e:	4b13      	ldr	r3, [pc, #76]	@ (1000085c <irq_add_tail_to_free_list+0xa8>)
10000810:	7819      	ldrb	r1, [r3, #0]
10000812:	701a      	strb	r2, [r3, #0]
10000814:	7181      	strb	r1, [r0, #6]
10000816:	f3bf 8f5f 	dmb	sy
1000081a:	2200      	movs	r2, #0
1000081c:	4b0b      	ldr	r3, [pc, #44]	@ (1000084c <irq_add_tail_to_free_list+0x98>)
1000081e:	601a      	str	r2, [r3, #0]
10000820:	f38c 8810 	msr	PRIMASK, ip
10000824:	bd70      	pop	{r4, r5, r6, pc}
10000826:	68ab      	ldr	r3, [r5, #8]
10000828:	4c0d      	ldr	r4, [pc, #52]	@ (10000860 <irq_add_tail_to_free_list+0xac>)
1000082a:	505c      	str	r4, [r3, r1]
1000082c:	e7ef      	b.n	1000080e <irq_add_tail_to_free_list+0x5a>
1000082e:	2400      	movs	r4, #0
10000830:	0061      	lsls	r1, r4, #1
10000832:	1909      	adds	r1, r1, r4
10000834:	0089      	lsls	r1, r1, #2
10000836:	185b      	adds	r3, r3, r1
10000838:	21ff      	movs	r1, #255	@ 0xff
1000083a:	7199      	strb	r1, [r3, #6]
1000083c:	4909      	ldr	r1, [pc, #36]	@ (10000864 <irq_add_tail_to_free_list+0xb0>)
1000083e:	8099      	strh	r1, [r3, #4]
10000840:	e7e5      	b.n	1000080e <irq_add_tail_to_free_list+0x5a>
10000842:	2401      	movs	r4, #1
10000844:	e7f4      	b.n	10000830 <irq_add_tail_to_free_list+0x7c>
10000846:	2402      	movs	r4, #2
10000848:	e7f2      	b.n	10000830 <irq_add_tail_to_free_list+0x7c>
1000084a:	46c0      	nop			@ (mov r8, r8)
1000084c:	d0000124 	.word	0xd0000124
10000850:	2000019c 	.word	0x2000019c
10000854:	0000aaaa 	.word	0x0000aaaa
10000858:	e000ed00 	.word	0xe000ed00
1000085c:	200007d8 	.word	0x200007d8
10000860:	100001c1 	.word	0x100001c1
10000864:	ffffbd01 	.word	0xffffbd01

10000868 <lock_init>:
10000868:	4b02      	ldr	r3, [pc, #8]	@ (10000874 <lock_init+0xc>)
1000086a:	469c      	mov	ip, r3
1000086c:	4461      	add	r1, ip
1000086e:	0089      	lsls	r1, r1, #2
10000870:	6001      	str	r1, [r0, #0]
10000872:	4770      	bx	lr
10000874:	34000040 	.word	0x34000040

10000878 <runtime_init_mutex>:
10000878:	b570      	push	{r4, r5, r6, lr}
1000087a:	4c11      	ldr	r4, [pc, #68]	@ (100008c0 <runtime_init_mutex+0x48>)
1000087c:	4d11      	ldr	r5, [pc, #68]	@ (100008c4 <runtime_init_mutex+0x4c>)
1000087e:	42ac      	cmp	r4, r5
10000880:	d20f      	bcs.n	100008a2 <runtime_init_mutex+0x2a>
10000882:	26ff      	movs	r6, #255	@ 0xff
10000884:	6823      	ldr	r3, [r4, #0]
10000886:	2b00      	cmp	r3, #0
10000888:	d00c      	beq.n	100008a4 <runtime_init_mutex+0x2c>
1000088a:	f7ff fe41 	bl	10000510 <next_striped_spin_lock_num>
1000088e:	0001      	movs	r1, r0
10000890:	0020      	movs	r0, r4
10000892:	f7ff ffe9 	bl	10000868 <lock_init>
10000896:	80a6      	strh	r6, [r4, #4]
10000898:	f3bf 8f5f 	dmb	sy
1000089c:	3408      	adds	r4, #8
1000089e:	42ac      	cmp	r4, r5
100008a0:	d3f0      	bcc.n	10000884 <runtime_init_mutex+0xc>
100008a2:	bd70      	pop	{r4, r5, r6, pc}
100008a4:	f7ff fe34 	bl	10000510 <next_striped_spin_lock_num>
100008a8:	0001      	movs	r1, r0
100008aa:	0020      	movs	r0, r4
100008ac:	f7ff ffdc 	bl	10000868 <lock_init>
100008b0:	7126      	strb	r6, [r4, #4]
100008b2:	f3bf 8f5f 	dmb	sy
100008b6:	3408      	adds	r4, #8
100008b8:	42ac      	cmp	r4, r5
100008ba:	d3e3      	bcc.n	10000884 <runtime_init_mutex+0xc>
100008bc:	e7f1      	b.n	100008a2 <runtime_init_mutex+0x2a>
100008be:	46c0      	nop			@ (mov r8, r8)
100008c0:	2000023c 	.word	0x2000023c
100008c4:	20000244 	.word	0x20000244

100008c8 <sleep_until_callback>:
100008c8:	4b0a      	ldr	r3, [pc, #40]	@ (100008f4 <sleep_until_callback+0x2c>)
100008ca:	6819      	ldr	r1, [r3, #0]
100008cc:	f3ef 8010 	mrs	r0, PRIMASK
100008d0:	b672      	cpsid	i
100008d2:	680a      	ldr	r2, [r1, #0]
100008d4:	2a00      	cmp	r2, #0
100008d6:	d0fc      	beq.n	100008d2 <sleep_until_callback+0xa>
100008d8:	f3bf 8f5f 	dmb	sy
100008dc:	681b      	ldr	r3, [r3, #0]
100008de:	f3bf 8f5f 	dmb	sy
100008e2:	2200      	movs	r2, #0
100008e4:	601a      	str	r2, [r3, #0]
100008e6:	f380 8810 	msr	PRIMASK, r0
100008ea:	bf40      	sev
100008ec:	2000      	movs	r0, #0
100008ee:	2100      	movs	r1, #0
100008f0:	4770      	bx	lr
100008f2:	46c0      	nop			@ (mov r8, r8)
100008f4:	200007cc 	.word	0x200007cc

100008f8 <alarm_pool_irq_handler>:
100008f8:	b5f0      	push	{r4, r5, r6, r7, lr}
100008fa:	46de      	mov	lr, fp
100008fc:	4657      	mov	r7, sl
100008fe:	464e      	mov	r6, r9
10000900:	4645      	mov	r5, r8
10000902:	b5e0      	push	{r5, r6, r7, lr}
10000904:	b087      	sub	sp, #28
10000906:	f3ef 8305 	mrs	r3, IPSR
1000090a:	2203      	movs	r2, #3
1000090c:	2501      	movs	r5, #1
1000090e:	401a      	ands	r2, r3
10000910:	4095      	lsls	r5, r2
10000912:	0091      	lsls	r1, r2, #2
10000914:	4688      	mov	r8, r1
10000916:	46a9      	mov	r9, r5
10000918:	4bb3      	ldr	r3, [pc, #716]	@ (10000be8 <alarm_pool_irq_handler+0x2f0>)
1000091a:	9203      	str	r2, [sp, #12]
1000091c:	585c      	ldr	r4, [r3, r1]
1000091e:	4bb3      	ldr	r3, [pc, #716]	@ (10000bec <alarm_pool_irq_handler+0x2f4>)
10000920:	601d      	str	r5, [r3, #0]
10000922:	4bb3      	ldr	r3, [pc, #716]	@ (10000bf0 <alarm_pool_irq_handler+0x2f8>)
10000924:	9304      	str	r3, [sp, #16]
10000926:	464b      	mov	r3, r9
10000928:	48b2      	ldr	r0, [pc, #712]	@ (10000bf4 <alarm_pool_irq_handler+0x2fc>)
1000092a:	6343      	str	r3, [r0, #52]	@ 0x34
1000092c:	2308      	movs	r3, #8
1000092e:	5ee5      	ldrsh	r5, [r4, r3]
10000930:	2d00      	cmp	r5, #0
10000932:	da37      	bge.n	100009a4 <alarm_pool_irq_handler+0xac>
10000934:	88a3      	ldrh	r3, [r4, #4]
10000936:	b21b      	sxth	r3, r3
10000938:	2b00      	cmp	r3, #0
1000093a:	db00      	blt.n	1000093e <alarm_pool_irq_handler+0x46>
1000093c:	e0ad      	b.n	10000a9a <alarm_pool_irq_handler+0x1a2>
1000093e:	79a3      	ldrb	r3, [r4, #6]
10000940:	2b00      	cmp	r3, #0
10000942:	d000      	beq.n	10000946 <alarm_pool_irq_handler+0x4e>
10000944:	e0ee      	b.n	10000b24 <alarm_pool_irq_handler+0x22c>
10000946:	2308      	movs	r3, #8
10000948:	5ee0      	ldrsh	r0, [r4, r3]
1000094a:	2800      	cmp	r0, #0
1000094c:	db20      	blt.n	10000990 <alarm_pool_irq_handler+0x98>
1000094e:	0043      	lsls	r3, r0, #1
10000950:	6962      	ldr	r2, [r4, #20]
10000952:	181b      	adds	r3, r3, r0
10000954:	00db      	lsls	r3, r3, #3
10000956:	18d3      	adds	r3, r2, r3
10000958:	689e      	ldr	r6, [r3, #8]
1000095a:	68dd      	ldr	r5, [r3, #12]
1000095c:	1c73      	adds	r3, r6, #1
1000095e:	d100      	bne.n	10000962 <alarm_pool_irq_handler+0x6a>
10000960:	e111      	b.n	10000b86 <alarm_pool_irq_handler+0x28e>
10000962:	48a4      	ldr	r0, [pc, #656]	@ (10000bf4 <alarm_pool_irq_handler+0x2fc>)
10000964:	0001      	movs	r1, r0
10000966:	4441      	add	r1, r8
10000968:	6a82      	ldr	r2, [r0, #40]	@ 0x28
1000096a:	690b      	ldr	r3, [r1, #16]
1000096c:	1ab7      	subs	r7, r6, r2
1000096e:	1a9b      	subs	r3, r3, r2
10000970:	429f      	cmp	r7, r3
10000972:	d315      	bcc.n	100009a0 <alarm_pool_irq_handler+0xa8>
10000974:	2301      	movs	r3, #1
10000976:	6a02      	ldr	r2, [r0, #32]
10000978:	9803      	ldr	r0, [sp, #12]
1000097a:	4083      	lsls	r3, r0
1000097c:	421a      	tst	r2, r3
1000097e:	d00f      	beq.n	100009a0 <alarm_pool_irq_handler+0xa8>
10000980:	489c      	ldr	r0, [pc, #624]	@ (10000bf4 <alarm_pool_irq_handler+0x2fc>)
10000982:	f000 fbbd 	bl	10001100 <timer_time_us_64>
10000986:	428d      	cmp	r5, r1
10000988:	dc02      	bgt.n	10000990 <alarm_pool_irq_handler+0x98>
1000098a:	d1cc      	bne.n	10000926 <alarm_pool_irq_handler+0x2e>
1000098c:	4286      	cmp	r6, r0
1000098e:	d9ca      	bls.n	10000926 <alarm_pool_irq_handler+0x2e>
10000990:	bf40      	sev
10000992:	b007      	add	sp, #28
10000994:	bcf0      	pop	{r4, r5, r6, r7}
10000996:	46bb      	mov	fp, r7
10000998:	46b2      	mov	sl, r6
1000099a:	46a9      	mov	r9, r5
1000099c:	46a0      	mov	r8, r4
1000099e:	bdf0      	pop	{r4, r5, r6, r7, pc}
100009a0:	610e      	str	r6, [r1, #16]
100009a2:	e7ed      	b.n	10000980 <alarm_pool_irq_handler+0x88>
100009a4:	6962      	ldr	r2, [r4, #20]
100009a6:	006b      	lsls	r3, r5, #1
100009a8:	4692      	mov	sl, r2
100009aa:	195b      	adds	r3, r3, r5
100009ac:	00db      	lsls	r3, r3, #3
100009ae:	449a      	add	sl, r3
100009b0:	4653      	mov	r3, sl
100009b2:	689e      	ldr	r6, [r3, #8]
100009b4:	68df      	ldr	r7, [r3, #12]
100009b6:	f000 fba3 	bl	10001100 <timer_time_us_64>
100009ba:	428f      	cmp	r7, r1
100009bc:	dcba      	bgt.n	10000934 <alarm_pool_irq_handler+0x3c>
100009be:	d100      	bne.n	100009c2 <alarm_pool_irq_handler+0xca>
100009c0:	e103      	b.n	10000bca <alarm_pool_irq_handler+0x2d2>
100009c2:	2f00      	cmp	r7, #0
100009c4:	da00      	bge.n	100009c8 <alarm_pool_irq_handler+0xd0>
100009c6:	e0e8      	b.n	10000b9a <alarm_pool_irq_handler+0x2a2>
100009c8:	4652      	mov	r2, sl
100009ca:	4653      	mov	r3, sl
100009cc:	6952      	ldr	r2, [r2, #20]
100009ce:	691b      	ldr	r3, [r3, #16]
100009d0:	4693      	mov	fp, r2
100009d2:	9a04      	ldr	r2, [sp, #16]
100009d4:	4293      	cmp	r3, r2
100009d6:	d100      	bne.n	100009da <alarm_pool_irq_handler+0xe2>
100009d8:	e0d9      	b.n	10000b8e <alarm_pool_irq_handler+0x296>
100009da:	4652      	mov	r2, sl
100009dc:	2108      	movs	r1, #8
100009de:	5e60      	ldrsh	r0, [r4, r1]
100009e0:	8852      	ldrh	r2, [r2, #2]
100009e2:	0400      	lsls	r0, r0, #16
100009e4:	4659      	mov	r1, fp
100009e6:	4310      	orrs	r0, r2
100009e8:	4798      	blx	r3
100009ea:	9000      	str	r0, [sp, #0]
100009ec:	9101      	str	r1, [sp, #4]
100009ee:	9900      	ldr	r1, [sp, #0]
100009f0:	9a01      	ldr	r2, [sp, #4]
100009f2:	000b      	movs	r3, r1
100009f4:	0010      	movs	r0, r2
100009f6:	4313      	orrs	r3, r2
100009f8:	d100      	bne.n	100009fc <alarm_pool_irq_handler+0x104>
100009fa:	e0ce      	b.n	10000b9a <alarm_pool_irq_handler+0x2a2>
100009fc:	0013      	movs	r3, r2
100009fe:	000a      	movs	r2, r1
10000a00:	1ab6      	subs	r6, r6, r2
10000a02:	419f      	sbcs	r7, r3
10000a04:	2800      	cmp	r0, #0
10000a06:	db06      	blt.n	10000a16 <alarm_pool_irq_handler+0x11e>
10000a08:	487a      	ldr	r0, [pc, #488]	@ (10000bf4 <alarm_pool_irq_handler+0x2fc>)
10000a0a:	f000 fb79 	bl	10001100 <timer_time_us_64>
10000a0e:	9e00      	ldr	r6, [sp, #0]
10000a10:	9f01      	ldr	r7, [sp, #4]
10000a12:	1836      	adds	r6, r6, r0
10000a14:	414f      	adcs	r7, r1
10000a16:	4653      	mov	r3, sl
10000a18:	609e      	str	r6, [r3, #8]
10000a1a:	60df      	str	r7, [r3, #12]
10000a1c:	2200      	movs	r2, #0
10000a1e:	5e9a      	ldrsh	r2, [r3, r2]
10000a20:	2a00      	cmp	r2, #0
10000a22:	da00      	bge.n	10000a26 <alarm_pool_irq_handler+0x12e>
10000a24:	e786      	b.n	10000934 <alarm_pool_irq_handler+0x3c>
10000a26:	0053      	lsls	r3, r2, #1
10000a28:	1899      	adds	r1, r3, r2
10000a2a:	6960      	ldr	r0, [r4, #20]
10000a2c:	00c9      	lsls	r1, r1, #3
10000a2e:	1841      	adds	r1, r0, r1
10000a30:	9302      	str	r3, [sp, #8]
10000a32:	688b      	ldr	r3, [r1, #8]
10000a34:	68c9      	ldr	r1, [r1, #12]
10000a36:	469b      	mov	fp, r3
10000a38:	42b9      	cmp	r1, r7
10000a3a:	dd00      	ble.n	10000a3e <alarm_pool_irq_handler+0x146>
10000a3c:	e77a      	b.n	10000934 <alarm_pool_irq_handler+0x3c>
10000a3e:	d102      	bne.n	10000a46 <alarm_pool_irq_handler+0x14e>
10000a40:	42b3      	cmp	r3, r6
10000a42:	d900      	bls.n	10000a46 <alarm_pool_irq_handler+0x14e>
10000a44:	e776      	b.n	10000934 <alarm_pool_irq_handler+0x3c>
10000a46:	2308      	movs	r3, #8
10000a48:	469c      	mov	ip, r3
10000a4a:	44a4      	add	ip, r4
10000a4c:	9505      	str	r5, [sp, #20]
10000a4e:	4665      	mov	r5, ip
10000a50:	8122      	strh	r2, [r4, #8]
10000a52:	46a4      	mov	ip, r4
10000a54:	9b02      	ldr	r3, [sp, #8]
10000a56:	002c      	movs	r4, r5
10000a58:	e006      	b.n	10000a68 <alarm_pool_irq_handler+0x170>
10000a5a:	0053      	lsls	r3, r2, #1
10000a5c:	1899      	adds	r1, r3, r2
10000a5e:	00c9      	lsls	r1, r1, #3
10000a60:	1841      	adds	r1, r0, r1
10000a62:	688d      	ldr	r5, [r1, #8]
10000a64:	68c9      	ldr	r1, [r1, #12]
10000a66:	46ab      	mov	fp, r5
10000a68:	189b      	adds	r3, r3, r2
10000a6a:	00db      	lsls	r3, r3, #3
10000a6c:	18c3      	adds	r3, r0, r3
10000a6e:	42b9      	cmp	r1, r7
10000a70:	dc06      	bgt.n	10000a80 <alarm_pool_irq_handler+0x188>
10000a72:	d100      	bne.n	10000a76 <alarm_pool_irq_handler+0x17e>
10000a74:	e0b3      	b.n	10000bde <alarm_pool_irq_handler+0x2e6>
10000a76:	001c      	movs	r4, r3
10000a78:	2300      	movs	r3, #0
10000a7a:	5ee2      	ldrsh	r2, [r4, r3]
10000a7c:	2a00      	cmp	r2, #0
10000a7e:	daec      	bge.n	10000a5a <alarm_pool_irq_handler+0x162>
10000a80:	0023      	movs	r3, r4
10000a82:	4664      	mov	r4, ip
10000a84:	469c      	mov	ip, r3
10000a86:	4653      	mov	r3, sl
10000a88:	801a      	strh	r2, [r3, #0]
10000a8a:	4663      	mov	r3, ip
10000a8c:	9d05      	ldr	r5, [sp, #20]
10000a8e:	801d      	strh	r5, [r3, #0]
10000a90:	88a3      	ldrh	r3, [r4, #4]
10000a92:	b21b      	sxth	r3, r3
10000a94:	2b00      	cmp	r3, #0
10000a96:	da00      	bge.n	10000a9a <alarm_pool_irq_handler+0x1a2>
10000a98:	e751      	b.n	1000093e <alarm_pool_irq_handler+0x46>
10000a9a:	6922      	ldr	r2, [r4, #16]
10000a9c:	f3ef 8110 	mrs	r1, PRIMASK
10000aa0:	b672      	cpsid	i
10000aa2:	6813      	ldr	r3, [r2, #0]
10000aa4:	2b00      	cmp	r3, #0
10000aa6:	d0fc      	beq.n	10000aa2 <alarm_pool_irq_handler+0x1aa>
10000aa8:	f3bf 8f5f 	dmb	sy
10000aac:	2301      	movs	r3, #1
10000aae:	88a7      	ldrh	r7, [r4, #4]
10000ab0:	425b      	negs	r3, r3
10000ab2:	80a3      	strh	r3, [r4, #4]
10000ab4:	b23f      	sxth	r7, r7
10000ab6:	6923      	ldr	r3, [r4, #16]
10000ab8:	f3bf 8f5f 	dmb	sy
10000abc:	2200      	movs	r2, #0
10000abe:	601a      	str	r2, [r3, #0]
10000ac0:	f381 8810 	msr	PRIMASK, r1
10000ac4:	2f00      	cmp	r7, #0
10000ac6:	da00      	bge.n	10000aca <alarm_pool_irq_handler+0x1d2>
10000ac8:	e739      	b.n	1000093e <alarm_pool_irq_handler+0x46>
10000aca:	0023      	movs	r3, r4
10000acc:	3308      	adds	r3, #8
10000ace:	0022      	movs	r2, r4
10000ad0:	469a      	mov	sl, r3
10000ad2:	6966      	ldr	r6, [r4, #20]
10000ad4:	007b      	lsls	r3, r7, #1
10000ad6:	19db      	adds	r3, r3, r7
10000ad8:	00db      	lsls	r3, r3, #3
10000ada:	18f3      	adds	r3, r6, r3
10000adc:	6899      	ldr	r1, [r3, #8]
10000ade:	4650      	mov	r0, sl
10000ae0:	468c      	mov	ip, r1
10000ae2:	2408      	movs	r4, #8
10000ae4:	5f11      	ldrsh	r1, [r2, r4]
10000ae6:	68dd      	ldr	r5, [r3, #12]
10000ae8:	2900      	cmp	r1, #0
10000aea:	db10      	blt.n	10000b0e <alarm_pool_irq_handler+0x216>
10000aec:	9302      	str	r3, [sp, #8]
10000aee:	e006      	b.n	10000afe <alarm_pool_irq_handler+0x206>
10000af0:	42ab      	cmp	r3, r5
10000af2:	d044      	beq.n	10000b7e <alarm_pool_irq_handler+0x286>
10000af4:	2300      	movs	r3, #0
10000af6:	5ee1      	ldrsh	r1, [r4, r3]
10000af8:	0020      	movs	r0, r4
10000afa:	2900      	cmp	r1, #0
10000afc:	db06      	blt.n	10000b0c <alarm_pool_irq_handler+0x214>
10000afe:	004c      	lsls	r4, r1, #1
10000b00:	1864      	adds	r4, r4, r1
10000b02:	00e4      	lsls	r4, r4, #3
10000b04:	1934      	adds	r4, r6, r4
10000b06:	68e3      	ldr	r3, [r4, #12]
10000b08:	42ab      	cmp	r3, r5
10000b0a:	ddf1      	ble.n	10000af0 <alarm_pool_irq_handler+0x1f8>
10000b0c:	9b02      	ldr	r3, [sp, #8]
10000b0e:	8007      	strh	r7, [r0, #0]
10000b10:	2000      	movs	r0, #0
10000b12:	5e1f      	ldrsh	r7, [r3, r0]
10000b14:	8019      	strh	r1, [r3, #0]
10000b16:	2f00      	cmp	r7, #0
10000b18:	dadc      	bge.n	10000ad4 <alarm_pool_irq_handler+0x1dc>
10000b1a:	0014      	movs	r4, r2
10000b1c:	79a3      	ldrb	r3, [r4, #6]
10000b1e:	2b00      	cmp	r3, #0
10000b20:	d100      	bne.n	10000b24 <alarm_pool_irq_handler+0x22c>
10000b22:	e710      	b.n	10000946 <alarm_pool_irq_handler+0x4e>
10000b24:	2300      	movs	r3, #0
10000b26:	71a3      	strb	r3, [r4, #6]
10000b28:	0026      	movs	r6, r4
10000b2a:	2308      	movs	r3, #8
10000b2c:	5ee1      	ldrsh	r1, [r4, r3]
10000b2e:	3608      	adds	r6, #8
10000b30:	1c4b      	adds	r3, r1, #1
10000b32:	d100      	bne.n	10000b36 <alarm_pool_irq_handler+0x23e>
10000b34:	e72c      	b.n	10000990 <alarm_pool_irq_handler+0x98>
10000b36:	0008      	movs	r0, r1
10000b38:	46a2      	mov	sl, r4
10000b3a:	6965      	ldr	r5, [r4, #20]
10000b3c:	e002      	b.n	10000b44 <alarm_pool_irq_handler+0x24c>
10000b3e:	003e      	movs	r6, r7
10000b40:	1c4b      	adds	r3, r1, #1
10000b42:	d01a      	beq.n	10000b7a <alarm_pool_irq_handler+0x282>
10000b44:	004b      	lsls	r3, r1, #1
10000b46:	185b      	adds	r3, r3, r1
10000b48:	00db      	lsls	r3, r3, #3
10000b4a:	18ef      	adds	r7, r5, r3
10000b4c:	000a      	movs	r2, r1
10000b4e:	468c      	mov	ip, r1
10000b50:	5ee9      	ldrsh	r1, [r5, r3]
10000b52:	887b      	ldrh	r3, [r7, #2]
10000b54:	b21b      	sxth	r3, r3
10000b56:	2b00      	cmp	r3, #0
10000b58:	daf1      	bge.n	10000b3e <alarm_pool_irq_handler+0x246>
10000b5a:	2301      	movs	r3, #1
10000b5c:	425b      	negs	r3, r3
10000b5e:	17dc      	asrs	r4, r3, #31
10000b60:	60bb      	str	r3, [r7, #8]
10000b62:	60fc      	str	r4, [r7, #12]
10000b64:	4282      	cmp	r2, r0
10000b66:	d005      	beq.n	10000b74 <alarm_pool_irq_handler+0x27c>
10000b68:	4653      	mov	r3, sl
10000b6a:	8031      	strh	r1, [r6, #0]
10000b6c:	891b      	ldrh	r3, [r3, #8]
10000b6e:	803b      	strh	r3, [r7, #0]
10000b70:	4653      	mov	r3, sl
10000b72:	811a      	strh	r2, [r3, #8]
10000b74:	4660      	mov	r0, ip
10000b76:	1c4b      	adds	r3, r1, #1
10000b78:	d1e4      	bne.n	10000b44 <alarm_pool_irq_handler+0x24c>
10000b7a:	4654      	mov	r4, sl
10000b7c:	e6e5      	b.n	1000094a <alarm_pool_irq_handler+0x52>
10000b7e:	68a3      	ldr	r3, [r4, #8]
10000b80:	4563      	cmp	r3, ip
10000b82:	d9b7      	bls.n	10000af4 <alarm_pool_irq_handler+0x1fc>
10000b84:	e7c2      	b.n	10000b0c <alarm_pool_irq_handler+0x214>
10000b86:	1c6b      	adds	r3, r5, #1
10000b88:	d000      	beq.n	10000b8c <alarm_pool_irq_handler+0x294>
10000b8a:	e6ea      	b.n	10000962 <alarm_pool_irq_handler+0x6a>
10000b8c:	e6f8      	b.n	10000980 <alarm_pool_irq_handler+0x88>
10000b8e:	465b      	mov	r3, fp
10000b90:	4658      	mov	r0, fp
10000b92:	691b      	ldr	r3, [r3, #16]
10000b94:	4798      	blx	r3
10000b96:	2800      	cmp	r0, #0
10000b98:	d11b      	bne.n	10000bd2 <alarm_pool_irq_handler+0x2da>
10000b9a:	4653      	mov	r3, sl
10000b9c:	881b      	ldrh	r3, [r3, #0]
10000b9e:	6922      	ldr	r2, [r4, #16]
10000ba0:	8123      	strh	r3, [r4, #8]
10000ba2:	f3ef 8310 	mrs	r3, PRIMASK
10000ba6:	b672      	cpsid	i
10000ba8:	6811      	ldr	r1, [r2, #0]
10000baa:	2900      	cmp	r1, #0
10000bac:	d0fc      	beq.n	10000ba8 <alarm_pool_irq_handler+0x2b0>
10000bae:	f3bf 8f5f 	dmb	sy
10000bb2:	4651      	mov	r1, sl
10000bb4:	8862      	ldrh	r2, [r4, #2]
10000bb6:	800a      	strh	r2, [r1, #0]
10000bb8:	6922      	ldr	r2, [r4, #16]
10000bba:	8065      	strh	r5, [r4, #2]
10000bbc:	f3bf 8f5f 	dmb	sy
10000bc0:	2100      	movs	r1, #0
10000bc2:	6011      	str	r1, [r2, #0]
10000bc4:	f383 8810 	msr	PRIMASK, r3
10000bc8:	e6b4      	b.n	10000934 <alarm_pool_irq_handler+0x3c>
10000bca:	4286      	cmp	r6, r0
10000bcc:	d800      	bhi.n	10000bd0 <alarm_pool_irq_handler+0x2d8>
10000bce:	e6f8      	b.n	100009c2 <alarm_pool_irq_handler+0xca>
10000bd0:	e6b0      	b.n	10000934 <alarm_pool_irq_handler+0x3c>
10000bd2:	465b      	mov	r3, fp
10000bd4:	681a      	ldr	r2, [r3, #0]
10000bd6:	685b      	ldr	r3, [r3, #4]
10000bd8:	9200      	str	r2, [sp, #0]
10000bda:	9301      	str	r3, [sp, #4]
10000bdc:	e707      	b.n	100009ee <alarm_pool_irq_handler+0xf6>
10000bde:	45b3      	cmp	fp, r6
10000be0:	d800      	bhi.n	10000be4 <alarm_pool_irq_handler+0x2ec>
10000be2:	e748      	b.n	10000a76 <alarm_pool_irq_handler+0x17e>
10000be4:	e74c      	b.n	10000a80 <alarm_pool_irq_handler+0x188>
10000be6:	46c0      	nop			@ (mov r8, r8)
10000be8:	200007b8 	.word	0x200007b8
10000bec:	4005703c 	.word	0x4005703c
10000bf0:	100008f9 	.word	0x100008f9
10000bf4:	40054000 	.word	0x40054000

10000bf8 <runtime_init_default_alarm_pool>:
10000bf8:	b570      	push	{r4, r5, r6, lr}
10000bfa:	4c2e      	ldr	r4, [pc, #184]	@ (10000cb4 <runtime_init_default_alarm_pool+0xbc>)
10000bfc:	6925      	ldr	r5, [r4, #16]
10000bfe:	2d00      	cmp	r5, #0
10000c00:	d004      	beq.n	10000c0c <runtime_init_default_alarm_pool+0x14>
10000c02:	210a      	movs	r1, #10
10000c04:	482c      	ldr	r0, [pc, #176]	@ (10000cb8 <runtime_init_default_alarm_pool+0xc0>)
10000c06:	f7ff fe2f 	bl	10000868 <lock_init>
10000c0a:	bd70      	pop	{r4, r5, r6, pc}
10000c0c:	4e2b      	ldr	r6, [pc, #172]	@ (10000cbc <runtime_init_default_alarm_pool+0xc4>)
10000c0e:	2103      	movs	r1, #3
10000c10:	0030      	movs	r0, r6
10000c12:	f000 fa6b 	bl	100010ec <timer_hardware_alarm_claim>
10000c16:	60e6      	str	r6, [r4, #12]
10000c18:	f7ff fc7a 	bl	10000510 <next_striped_spin_lock_num>
10000c1c:	4b28      	ldr	r3, [pc, #160]	@ (10000cc0 <runtime_init_default_alarm_pool+0xc8>)
10000c1e:	2203      	movs	r2, #3
10000c20:	469c      	mov	ip, r3
10000c22:	23d0      	movs	r3, #208	@ 0xd0
10000c24:	7022      	strb	r2, [r4, #0]
10000c26:	061b      	lsls	r3, r3, #24
10000c28:	681b      	ldr	r3, [r3, #0]
10000c2a:	2101      	movs	r1, #1
10000c2c:	7063      	strb	r3, [r4, #1]
10000c2e:	4b25      	ldr	r3, [pc, #148]	@ (10000cc4 <runtime_init_default_alarm_pool+0xcc>)
10000c30:	4460      	add	r0, ip
10000c32:	60a3      	str	r3, [r4, #8]
10000c34:	230f      	movs	r3, #15
10000c36:	0080      	lsls	r0, r0, #2
10000c38:	6120      	str	r0, [r4, #16]
10000c3a:	2002      	movs	r0, #2
10000c3c:	8063      	strh	r3, [r4, #2]
10000c3e:	6963      	ldr	r3, [r4, #20]
10000c40:	4249      	negs	r1, r1
10000c42:	80a1      	strh	r1, [r4, #4]
10000c44:	8019      	strh	r1, [r3, #0]
10000c46:	3102      	adds	r1, #2
10000c48:	8619      	strh	r1, [r3, #48]	@ 0x30
10000c4a:	3147      	adds	r1, #71	@ 0x47
10000c4c:	831d      	strh	r5, [r3, #24]
10000c4e:	5258      	strh	r0, [r3, r1]
10000c50:	3118      	adds	r1, #24
10000c52:	525a      	strh	r2, [r3, r1]
10000c54:	3275      	adds	r2, #117	@ 0x75
10000c56:	395c      	subs	r1, #92	@ 0x5c
10000c58:	5299      	strh	r1, [r3, r2]
10000c5a:	3218      	adds	r2, #24
10000c5c:	3101      	adds	r1, #1
10000c5e:	5299      	strh	r1, [r3, r2]
10000c60:	3218      	adds	r2, #24
10000c62:	3101      	adds	r1, #1
10000c64:	5299      	strh	r1, [r3, r2]
10000c66:	3218      	adds	r2, #24
10000c68:	3101      	adds	r1, #1
10000c6a:	5299      	strh	r1, [r3, r2]
10000c6c:	3508      	adds	r5, #8
10000c6e:	3218      	adds	r2, #24
10000c70:	529d      	strh	r5, [r3, r2]
10000c72:	3102      	adds	r1, #2
10000c74:	3218      	adds	r2, #24
10000c76:	5299      	strh	r1, [r3, r2]
10000c78:	3218      	adds	r2, #24
10000c7a:	3101      	adds	r1, #1
10000c7c:	5299      	strh	r1, [r3, r2]
10000c7e:	3218      	adds	r2, #24
10000c80:	3101      	adds	r1, #1
10000c82:	5299      	strh	r1, [r3, r2]
10000c84:	3218      	adds	r2, #24
10000c86:	3101      	adds	r1, #1
10000c88:	5299      	strh	r1, [r3, r2]
10000c8a:	3218      	adds	r2, #24
10000c8c:	3101      	adds	r1, #1
10000c8e:	5299      	strh	r1, [r3, r2]
10000c90:	3218      	adds	r2, #24
10000c92:	3101      	adds	r1, #1
10000c94:	5299      	strh	r1, [r3, r2]
10000c96:	4b0c      	ldr	r3, [pc, #48]	@ (10000cc8 <runtime_init_default_alarm_pool+0xd0>)
10000c98:	490c      	ldr	r1, [pc, #48]	@ (10000ccc <runtime_init_default_alarm_pool+0xd4>)
10000c9a:	60dc      	str	r4, [r3, #12]
10000c9c:	3001      	adds	r0, #1
10000c9e:	6235      	str	r5, [r6, #32]
10000ca0:	f7ff fc74 	bl	1000058c <irq_set_exclusive_handler>
10000ca4:	2101      	movs	r1, #1
10000ca6:	2003      	movs	r0, #3
10000ca8:	f7ff fc5e 	bl	10000568 <irq_set_enabled>
10000cac:	4b08      	ldr	r3, [pc, #32]	@ (10000cd0 <runtime_init_default_alarm_pool+0xd8>)
10000cae:	601d      	str	r5, [r3, #0]
10000cb0:	e7a7      	b.n	10000c02 <runtime_init_default_alarm_pool+0xa>
10000cb2:	46c0      	nop			@ (mov r8, r8)
10000cb4:	200001e4 	.word	0x200001e4
10000cb8:	200007cc 	.word	0x200007cc
10000cbc:	40054000 	.word	0x40054000
10000cc0:	34000040 	.word	0x34000040
10000cc4:	0010ffff 	.word	0x0010ffff
10000cc8:	200007b8 	.word	0x200007b8
10000ccc:	100008f9 	.word	0x100008f9
10000cd0:	40056038 	.word	0x40056038

10000cd4 <alarm_pool_add_alarm_at_force_in_context>:
10000cd4:	b570      	push	{r4, r5, r6, lr}
10000cd6:	0001      	movs	r1, r0
10000cd8:	6904      	ldr	r4, [r0, #16]
10000cda:	f3ef 8c10 	mrs	ip, PRIMASK
10000cde:	b672      	cpsid	i
10000ce0:	6820      	ldr	r0, [r4, #0]
10000ce2:	2800      	cmp	r0, #0
10000ce4:	d0fc      	beq.n	10000ce0 <alarm_pool_add_alarm_at_force_in_context+0xc>
10000ce6:	f3bf 8f5f 	dmb	sy
10000cea:	2002      	movs	r0, #2
10000cec:	5e0d      	ldrsh	r5, [r1, r0]
10000cee:	694c      	ldr	r4, [r1, #20]
10000cf0:	0068      	lsls	r0, r5, #1
10000cf2:	1940      	adds	r0, r0, r5
10000cf4:	00c0      	lsls	r0, r0, #3
10000cf6:	1824      	adds	r4, r4, r0
10000cf8:	6908      	ldr	r0, [r1, #16]
10000cfa:	2d00      	cmp	r5, #0
10000cfc:	db36      	blt.n	10000d6c <alarm_pool_add_alarm_at_force_in_context+0x98>
10000cfe:	8826      	ldrh	r6, [r4, #0]
10000d00:	804e      	strh	r6, [r1, #2]
10000d02:	f3bf 8f5f 	dmb	sy
10000d06:	2600      	movs	r6, #0
10000d08:	6006      	str	r6, [r0, #0]
10000d0a:	f38c 8810 	msr	PRIMASK, ip
10000d0e:	60e3      	str	r3, [r4, #12]
10000d10:	8863      	ldrh	r3, [r4, #2]
10000d12:	9804      	ldr	r0, [sp, #16]
10000d14:	3301      	adds	r3, #1
10000d16:	6120      	str	r0, [r4, #16]
10000d18:	045b      	lsls	r3, r3, #17
10000d1a:	9805      	ldr	r0, [sp, #20]
10000d1c:	0c5b      	lsrs	r3, r3, #17
10000d1e:	60a2      	str	r2, [r4, #8]
10000d20:	6160      	str	r0, [r4, #20]
10000d22:	1c1a      	adds	r2, r3, #0
10000d24:	2b00      	cmp	r3, #0
10000d26:	d01f      	beq.n	10000d68 <alarm_pool_add_alarm_at_force_in_context+0x94>
10000d28:	b293      	uxth	r3, r2
10000d2a:	0428      	lsls	r0, r5, #16
10000d2c:	8062      	strh	r2, [r4, #2]
10000d2e:	4318      	orrs	r0, r3
10000d30:	690a      	ldr	r2, [r1, #16]
10000d32:	f3ef 8c10 	mrs	ip, PRIMASK
10000d36:	b672      	cpsid	i
10000d38:	6813      	ldr	r3, [r2, #0]
10000d3a:	2b00      	cmp	r3, #0
10000d3c:	d0fc      	beq.n	10000d38 <alarm_pool_add_alarm_at_force_in_context+0x64>
10000d3e:	f3bf 8f5f 	dmb	sy
10000d42:	888b      	ldrh	r3, [r1, #4]
10000d44:	8023      	strh	r3, [r4, #0]
10000d46:	808d      	strh	r5, [r1, #4]
10000d48:	690b      	ldr	r3, [r1, #16]
10000d4a:	f3bf 8f5f 	dmb	sy
10000d4e:	2200      	movs	r2, #0
10000d50:	601a      	str	r2, [r3, #0]
10000d52:	f38c 8810 	msr	PRIMASK, ip
10000d56:	780b      	ldrb	r3, [r1, #0]
10000d58:	3201      	adds	r2, #1
10000d5a:	409a      	lsls	r2, r3
10000d5c:	68cb      	ldr	r3, [r1, #12]
10000d5e:	4908      	ldr	r1, [pc, #32]	@ (10000d80 <alarm_pool_add_alarm_at_force_in_context+0xac>)
10000d60:	468c      	mov	ip, r1
10000d62:	4463      	add	r3, ip
10000d64:	601a      	str	r2, [r3, #0]
10000d66:	bd70      	pop	{r4, r5, r6, pc}
10000d68:	2201      	movs	r2, #1
10000d6a:	e7dd      	b.n	10000d28 <alarm_pool_add_alarm_at_force_in_context+0x54>
10000d6c:	f3bf 8f5f 	dmb	sy
10000d70:	2300      	movs	r3, #0
10000d72:	6003      	str	r3, [r0, #0]
10000d74:	f38c 8810 	msr	PRIMASK, ip
10000d78:	2001      	movs	r0, #1
10000d7a:	4240      	negs	r0, r0
10000d7c:	e7f3      	b.n	10000d66 <alarm_pool_add_alarm_at_force_in_context+0x92>
10000d7e:	46c0      	nop			@ (mov r8, r8)
10000d80:	0000203c 	.word	0x0000203c

10000d84 <alarm_pool_cancel_alarm>:
10000d84:	b510      	push	{r4, lr}
10000d86:	8943      	ldrh	r3, [r0, #10]
10000d88:	140a      	asrs	r2, r1, #16
10000d8a:	4293      	cmp	r3, r2
10000d8c:	dd1a      	ble.n	10000dc4 <alarm_pool_cancel_alarm+0x40>
10000d8e:	0053      	lsls	r3, r2, #1
10000d90:	189b      	adds	r3, r3, r2
10000d92:	6942      	ldr	r2, [r0, #20]
10000d94:	00db      	lsls	r3, r3, #3
10000d96:	18d3      	adds	r3, r2, r3
10000d98:	6904      	ldr	r4, [r0, #16]
10000d9a:	f3ef 8c10 	mrs	ip, PRIMASK
10000d9e:	b672      	cpsid	i
10000da0:	6822      	ldr	r2, [r4, #0]
10000da2:	2a00      	cmp	r2, #0
10000da4:	d0fc      	beq.n	10000da0 <alarm_pool_cancel_alarm+0x1c>
10000da6:	f3bf 8f5f 	dmb	sy
10000daa:	885a      	ldrh	r2, [r3, #2]
10000dac:	0409      	lsls	r1, r1, #16
10000dae:	b294      	uxth	r4, r2
10000db0:	0c09      	lsrs	r1, r1, #16
10000db2:	428a      	cmp	r2, r1
10000db4:	d008      	beq.n	10000dc8 <alarm_pool_cancel_alarm+0x44>
10000db6:	6903      	ldr	r3, [r0, #16]
10000db8:	f3bf 8f5f 	dmb	sy
10000dbc:	2200      	movs	r2, #0
10000dbe:	601a      	str	r2, [r3, #0]
10000dc0:	f38c 8810 	msr	PRIMASK, ip
10000dc4:	2000      	movs	r0, #0
10000dc6:	bd10      	pop	{r4, pc}
10000dc8:	2280      	movs	r2, #128	@ 0x80
10000dca:	0212      	lsls	r2, r2, #8
10000dcc:	4314      	orrs	r4, r2
10000dce:	805c      	strh	r4, [r3, #2]
10000dd0:	2301      	movs	r3, #1
10000dd2:	6902      	ldr	r2, [r0, #16]
10000dd4:	7183      	strb	r3, [r0, #6]
10000dd6:	f3bf 8f5f 	dmb	sy
10000dda:	2100      	movs	r1, #0
10000ddc:	6011      	str	r1, [r2, #0]
10000dde:	f38c 8810 	msr	PRIMASK, ip
10000de2:	4904      	ldr	r1, [pc, #16]	@ (10000df4 <alarm_pool_cancel_alarm+0x70>)
10000de4:	7802      	ldrb	r2, [r0, #0]
10000de6:	468c      	mov	ip, r1
10000de8:	4093      	lsls	r3, r2
10000dea:	68c2      	ldr	r2, [r0, #12]
10000dec:	2001      	movs	r0, #1
10000dee:	4462      	add	r2, ip
10000df0:	6013      	str	r3, [r2, #0]
10000df2:	e7e8      	b.n	10000dc6 <alarm_pool_cancel_alarm+0x42>
10000df4:	0000203c 	.word	0x0000203c

10000df8 <sleep_us>:
10000df8:	b5f0      	push	{r4, r5, r6, r7, lr}
10000dfa:	46c6      	mov	lr, r8
10000dfc:	b500      	push	{lr}
10000dfe:	b082      	sub	sp, #8
10000e00:	0004      	movs	r4, r0
10000e02:	000d      	movs	r5, r1
10000e04:	f000 f984 	bl	10001110 <time_us_64>
10000e08:	1824      	adds	r4, r4, r0
10000e0a:	414d      	adcs	r5, r1
10000e0c:	2d00      	cmp	r5, #0
10000e0e:	da02      	bge.n	10000e16 <sleep_us+0x1e>
10000e10:	2401      	movs	r4, #1
10000e12:	4d2f      	ldr	r5, [pc, #188]	@ (10000ed0 <sleep_us+0xd8>)
10000e14:	4264      	negs	r4, r4
10000e16:	2606      	movs	r6, #6
10000e18:	4276      	negs	r6, r6
10000e1a:	17f7      	asrs	r7, r6, #31
10000e1c:	1936      	adds	r6, r6, r4
10000e1e:	416f      	adcs	r7, r5
10000e20:	42af      	cmp	r7, r5
10000e22:	d814      	bhi.n	10000e4e <sleep_us+0x56>
10000e24:	d011      	beq.n	10000e4a <sleep_us+0x52>
10000e26:	f000 f973 	bl	10001110 <time_us_64>
10000e2a:	0032      	movs	r2, r6
10000e2c:	003b      	movs	r3, r7
10000e2e:	1a12      	subs	r2, r2, r0
10000e30:	418b      	sbcs	r3, r1
10000e32:	2b00      	cmp	r3, #0
10000e34:	dc15      	bgt.n	10000e62 <sleep_us+0x6a>
10000e36:	2b00      	cmp	r3, #0
10000e38:	d046      	beq.n	10000ec8 <sleep_us+0xd0>
10000e3a:	0020      	movs	r0, r4
10000e3c:	0029      	movs	r1, r5
10000e3e:	f000 f9a5 	bl	1000118c <busy_wait_until>
10000e42:	b002      	add	sp, #8
10000e44:	bc80      	pop	{r7}
10000e46:	46b8      	mov	r8, r7
10000e48:	bdf0      	pop	{r4, r5, r6, r7, pc}
10000e4a:	42a6      	cmp	r6, r4
10000e4c:	d9eb      	bls.n	10000e26 <sleep_us+0x2e>
10000e4e:	2600      	movs	r6, #0
10000e50:	2700      	movs	r7, #0
10000e52:	f000 f95d 	bl	10001110 <time_us_64>
10000e56:	0032      	movs	r2, r6
10000e58:	003b      	movs	r3, r7
10000e5a:	1a12      	subs	r2, r2, r0
10000e5c:	418b      	sbcs	r3, r1
10000e5e:	2b00      	cmp	r3, #0
10000e60:	dde9      	ble.n	10000e36 <sleep_us+0x3e>
10000e62:	f000 f955 	bl	10001110 <time_us_64>
10000e66:	0032      	movs	r2, r6
10000e68:	003b      	movs	r3, r7
10000e6a:	1a12      	subs	r2, r2, r0
10000e6c:	418b      	sbcs	r3, r1
10000e6e:	2b00      	cmp	r3, #0
10000e70:	db0a      	blt.n	10000e88 <sleep_us+0x90>
10000e72:	2300      	movs	r3, #0
10000e74:	9301      	str	r3, [sp, #4]
10000e76:	4b17      	ldr	r3, [pc, #92]	@ (10000ed4 <sleep_us+0xdc>)
10000e78:	0032      	movs	r2, r6
10000e7a:	9300      	str	r3, [sp, #0]
10000e7c:	4816      	ldr	r0, [pc, #88]	@ (10000ed8 <sleep_us+0xe0>)
10000e7e:	003b      	movs	r3, r7
10000e80:	f7ff ff28 	bl	10000cd4 <alarm_pool_add_alarm_at_force_in_context>
10000e84:	3001      	adds	r0, #1
10000e86:	d0d8      	beq.n	10000e3a <sleep_us+0x42>
10000e88:	2300      	movs	r3, #0
10000e8a:	0039      	movs	r1, r7
10000e8c:	46b0      	mov	r8, r6
10000e8e:	469c      	mov	ip, r3
10000e90:	4a12      	ldr	r2, [pc, #72]	@ (10000edc <sleep_us+0xe4>)
10000e92:	4813      	ldr	r0, [pc, #76]	@ (10000ee0 <sleep_us+0xe8>)
10000e94:	6a53      	ldr	r3, [r2, #36]	@ 0x24
10000e96:	4299      	cmp	r1, r3
10000e98:	d804      	bhi.n	10000ea4 <sleep_us+0xac>
10000e9a:	6a96      	ldr	r6, [r2, #40]	@ 0x28
10000e9c:	45b0      	cmp	r8, r6
10000e9e:	d9cc      	bls.n	10000e3a <sleep_us+0x42>
10000ea0:	4299      	cmp	r1, r3
10000ea2:	d1ca      	bne.n	10000e3a <sleep_us+0x42>
10000ea4:	6806      	ldr	r6, [r0, #0]
10000ea6:	f3ef 8710 	mrs	r7, PRIMASK
10000eaa:	b672      	cpsid	i
10000eac:	6833      	ldr	r3, [r6, #0]
10000eae:	2b00      	cmp	r3, #0
10000eb0:	d0fc      	beq.n	10000eac <sleep_us+0xb4>
10000eb2:	f3bf 8f5f 	dmb	sy
10000eb6:	6803      	ldr	r3, [r0, #0]
10000eb8:	f3bf 8f5f 	dmb	sy
10000ebc:	4666      	mov	r6, ip
10000ebe:	601e      	str	r6, [r3, #0]
10000ec0:	f387 8810 	msr	PRIMASK, r7
10000ec4:	bf20      	wfe
10000ec6:	e7e5      	b.n	10000e94 <sleep_us+0x9c>
10000ec8:	2a00      	cmp	r2, #0
10000eca:	d0b6      	beq.n	10000e3a <sleep_us+0x42>
10000ecc:	e7c9      	b.n	10000e62 <sleep_us+0x6a>
10000ece:	46c0      	nop			@ (mov r8, r8)
10000ed0:	7fffffff 	.word	0x7fffffff
10000ed4:	100008c9 	.word	0x100008c9
10000ed8:	200001e4 	.word	0x200001e4
10000edc:	40054000 	.word	0x40054000
10000ee0:	200007cc 	.word	0x200007cc

10000ee4 <sleep_ms>:
10000ee4:	b5f0      	push	{r4, r5, r6, r7, lr}
10000ee6:	46c6      	mov	lr, r8
10000ee8:	b500      	push	{lr}
10000eea:	b082      	sub	sp, #8
10000eec:	0004      	movs	r4, r0
10000eee:	f000 f90f 	bl	10001110 <time_us_64>
10000ef2:	22fa      	movs	r2, #250	@ 0xfa
10000ef4:	0006      	movs	r6, r0
10000ef6:	000f      	movs	r7, r1
10000ef8:	0020      	movs	r0, r4
10000efa:	2300      	movs	r3, #0
10000efc:	2100      	movs	r1, #0
10000efe:	0092      	lsls	r2, r2, #2
10000f00:	f000 fd32 	bl	10001968 <__wrap___aeabi_lmul>
10000f04:	1980      	adds	r0, r0, r6
10000f06:	4179      	adcs	r1, r7
10000f08:	0004      	movs	r4, r0
10000f0a:	1e0d      	subs	r5, r1, #0
10000f0c:	da02      	bge.n	10000f14 <sleep_ms+0x30>
10000f0e:	2401      	movs	r4, #1
10000f10:	4d2e      	ldr	r5, [pc, #184]	@ (10000fcc <sleep_ms+0xe8>)
10000f12:	4264      	negs	r4, r4
10000f14:	2606      	movs	r6, #6
10000f16:	4276      	negs	r6, r6
10000f18:	17f7      	asrs	r7, r6, #31
10000f1a:	1936      	adds	r6, r6, r4
10000f1c:	416f      	adcs	r7, r5
10000f1e:	42af      	cmp	r7, r5
10000f20:	d814      	bhi.n	10000f4c <sleep_ms+0x68>
10000f22:	d011      	beq.n	10000f48 <sleep_ms+0x64>
10000f24:	f000 f8f4 	bl	10001110 <time_us_64>
10000f28:	0032      	movs	r2, r6
10000f2a:	003b      	movs	r3, r7
10000f2c:	1a12      	subs	r2, r2, r0
10000f2e:	418b      	sbcs	r3, r1
10000f30:	2b00      	cmp	r3, #0
10000f32:	dc15      	bgt.n	10000f60 <sleep_ms+0x7c>
10000f34:	2b00      	cmp	r3, #0
10000f36:	d046      	beq.n	10000fc6 <sleep_ms+0xe2>
10000f38:	0020      	movs	r0, r4
10000f3a:	0029      	movs	r1, r5
10000f3c:	f000 f926 	bl	1000118c <busy_wait_until>
10000f40:	b002      	add	sp, #8
10000f42:	bc80      	pop	{r7}
10000f44:	46b8      	mov	r8, r7
10000f46:	bdf0      	pop	{r4, r5, r6, r7, pc}
10000f48:	42a6      	cmp	r6, r4
10000f4a:	d9eb      	bls.n	10000f24 <sleep_ms+0x40>
10000f4c:	2600      	movs	r6, #0
10000f4e:	2700      	movs	r7, #0
10000f50:	f000 f8de 	bl	10001110 <time_us_64>
10000f54:	0032      	movs	r2, r6
10000f56:	003b      	movs	r3, r7
10000f58:	1a12      	subs	r2, r2, r0
10000f5a:	418b      	sbcs	r3, r1
10000f5c:	2b00      	cmp	r3, #0
10000f5e:	dde9      	ble.n	10000f34 <sleep_ms+0x50>
10000f60:	f000 f8d6 	bl	10001110 <time_us_64>
10000f64:	0032      	movs	r2, r6
10000f66:	003b      	movs	r3, r7
10000f68:	1a12      	subs	r2, r2, r0
10000f6a:	418b      	sbcs	r3, r1
10000f6c:	2b00      	cmp	r3, #0
10000f6e:	db0a      	blt.n	10000f86 <sleep_ms+0xa2>
10000f70:	2300      	movs	r3, #0
10000f72:	9301      	str	r3, [sp, #4]
10000f74:	4b16      	ldr	r3, [pc, #88]	@ (10000fd0 <sleep_ms+0xec>)
10000f76:	0032      	movs	r2, r6
10000f78:	9300      	str	r3, [sp, #0]
10000f7a:	4816      	ldr	r0, [pc, #88]	@ (10000fd4 <sleep_ms+0xf0>)
10000f7c:	003b      	movs	r3, r7
10000f7e:	f7ff fea9 	bl	10000cd4 <alarm_pool_add_alarm_at_force_in_context>
10000f82:	3001      	adds	r0, #1
10000f84:	d0d8      	beq.n	10000f38 <sleep_ms+0x54>
10000f86:	2300      	movs	r3, #0
10000f88:	0039      	movs	r1, r7
10000f8a:	46b0      	mov	r8, r6
10000f8c:	469c      	mov	ip, r3
10000f8e:	4a12      	ldr	r2, [pc, #72]	@ (10000fd8 <sleep_ms+0xf4>)
10000f90:	4812      	ldr	r0, [pc, #72]	@ (10000fdc <sleep_ms+0xf8>)
10000f92:	6a53      	ldr	r3, [r2, #36]	@ 0x24
10000f94:	4299      	cmp	r1, r3
10000f96:	d804      	bhi.n	10000fa2 <sleep_ms+0xbe>
10000f98:	6a96      	ldr	r6, [r2, #40]	@ 0x28
10000f9a:	45b0      	cmp	r8, r6
10000f9c:	d9cc      	bls.n	10000f38 <sleep_ms+0x54>
10000f9e:	4299      	cmp	r1, r3
10000fa0:	d1ca      	bne.n	10000f38 <sleep_ms+0x54>
10000fa2:	6806      	ldr	r6, [r0, #0]
10000fa4:	f3ef 8710 	mrs	r7, PRIMASK
10000fa8:	b672      	cpsid	i
10000faa:	6833      	ldr	r3, [r6, #0]
10000fac:	2b00      	cmp	r3, #0
10000fae:	d0fc      	beq.n	10000faa <sleep_ms+0xc6>
10000fb0:	f3bf 8f5f 	dmb	sy
10000fb4:	6803      	ldr	r3, [r0, #0]
10000fb6:	f3bf 8f5f 	dmb	sy
10000fba:	4666      	mov	r6, ip
10000fbc:	601e      	str	r6, [r3, #0]
10000fbe:	f387 8810 	msr	PRIMASK, r7
10000fc2:	bf20      	wfe
10000fc4:	e7e5      	b.n	10000f92 <sleep_ms+0xae>
10000fc6:	2a00      	cmp	r2, #0
10000fc8:	d0b6      	beq.n	10000f38 <sleep_ms+0x54>
10000fca:	e7c9      	b.n	10000f60 <sleep_ms+0x7c>
10000fcc:	7fffffff 	.word	0x7fffffff
10000fd0:	100008c9 	.word	0x100008c9
10000fd4:	200001e4 	.word	0x200001e4
10000fd8:	40054000 	.word	0x40054000
10000fdc:	200007cc 	.word	0x200007cc

10000fe0 <best_effort_wfe_or_timeout>:
10000fe0:	b5f0      	push	{r4, r5, r6, r7, lr}
10000fe2:	4657      	mov	r7, sl
10000fe4:	464e      	mov	r6, r9
10000fe6:	46de      	mov	lr, fp
10000fe8:	4645      	mov	r5, r8
10000fea:	b5e0      	push	{r5, r6, r7, lr}
10000fec:	0006      	movs	r6, r0
10000fee:	000f      	movs	r7, r1
10000ff0:	b085      	sub	sp, #20
10000ff2:	f3ef 8305 	mrs	r3, IPSR
10000ff6:	4699      	mov	r9, r3
10000ff8:	468b      	mov	fp, r1
10000ffa:	2b00      	cmp	r3, #0
10000ffc:	d012      	beq.n	10001024 <best_effort_wfe_or_timeout+0x44>
10000ffe:	4938      	ldr	r1, [pc, #224]	@ (100010e0 <best_effort_wfe_or_timeout+0x100>)
10001000:	2000      	movs	r0, #0
10001002:	6a4b      	ldr	r3, [r1, #36]	@ 0x24
10001004:	42bb      	cmp	r3, r7
10001006:	d306      	bcc.n	10001016 <best_effort_wfe_or_timeout+0x36>
10001008:	6a8a      	ldr	r2, [r1, #40]	@ 0x28
1000100a:	1bdb      	subs	r3, r3, r7
1000100c:	1e59      	subs	r1, r3, #1
1000100e:	418b      	sbcs	r3, r1
10001010:	42b2      	cmp	r2, r6
10001012:	4140      	adcs	r0, r0
10001014:	4318      	orrs	r0, r3
10001016:	b005      	add	sp, #20
10001018:	bcf0      	pop	{r4, r5, r6, r7}
1000101a:	46bb      	mov	fp, r7
1000101c:	46b2      	mov	sl, r6
1000101e:	46a9      	mov	r9, r5
10001020:	46a0      	mov	r8, r4
10001022:	bdf0      	pop	{r4, r5, r6, r7, pc}
10001024:	4b2f      	ldr	r3, [pc, #188]	@ (100010e4 <best_effort_wfe_or_timeout+0x104>)
10001026:	469a      	mov	sl, r3
10001028:	68db      	ldr	r3, [r3, #12]
1000102a:	4698      	mov	r8, r3
1000102c:	4653      	mov	r3, sl
1000102e:	781b      	ldrb	r3, [r3, #0]
10001030:	4640      	mov	r0, r8
10001032:	9303      	str	r3, [sp, #12]
10001034:	f000 f864 	bl	10001100 <timer_time_us_64>
10001038:	4642      	mov	r2, r8
1000103a:	9b03      	ldr	r3, [sp, #12]
1000103c:	0004      	movs	r4, r0
1000103e:	3304      	adds	r3, #4
10001040:	009b      	lsls	r3, r3, #2
10001042:	589b      	ldr	r3, [r3, r2]
10001044:	000d      	movs	r5, r1
10001046:	1a1b      	subs	r3, r3, r0
10001048:	0039      	movs	r1, r7
1000104a:	0030      	movs	r0, r6
1000104c:	1b00      	subs	r0, r0, r4
1000104e:	41a9      	sbcs	r1, r5
10001050:	4589      	cmp	r9, r1
10001052:	dc10      	bgt.n	10001076 <best_effort_wfe_or_timeout+0x96>
10001054:	d00d      	beq.n	10001072 <best_effort_wfe_or_timeout+0x92>
10001056:	bf20      	wfe
10001058:	4a21      	ldr	r2, [pc, #132]	@ (100010e0 <best_effort_wfe_or_timeout+0x100>)
1000105a:	2000      	movs	r0, #0
1000105c:	6a53      	ldr	r3, [r2, #36]	@ 0x24
1000105e:	455b      	cmp	r3, fp
10001060:	d3d9      	bcc.n	10001016 <best_effort_wfe_or_timeout+0x36>
10001062:	6a92      	ldr	r2, [r2, #40]	@ 0x28
10001064:	1bdb      	subs	r3, r3, r7
10001066:	1e59      	subs	r1, r3, #1
10001068:	418b      	sbcs	r3, r1
1000106a:	42b2      	cmp	r2, r6
1000106c:	4140      	adcs	r0, r0
1000106e:	4318      	orrs	r0, r3
10001070:	e7d1      	b.n	10001016 <best_effort_wfe_or_timeout+0x36>
10001072:	4283      	cmp	r3, r0
10001074:	d9ef      	bls.n	10001056 <best_effort_wfe_or_timeout+0x76>
10001076:	f000 f84b 	bl	10001110 <time_us_64>
1000107a:	0032      	movs	r2, r6
1000107c:	003b      	movs	r3, r7
1000107e:	1a12      	subs	r2, r2, r0
10001080:	418b      	sbcs	r3, r1
10001082:	2b00      	cmp	r3, #0
10001084:	db1a      	blt.n	100010bc <best_effort_wfe_or_timeout+0xdc>
10001086:	2300      	movs	r3, #0
10001088:	9301      	str	r3, [sp, #4]
1000108a:	4b17      	ldr	r3, [pc, #92]	@ (100010e8 <best_effort_wfe_or_timeout+0x108>)
1000108c:	0032      	movs	r2, r6
1000108e:	9300      	str	r3, [sp, #0]
10001090:	4650      	mov	r0, sl
10001092:	003b      	movs	r3, r7
10001094:	f7ff fe1e 	bl	10000cd4 <alarm_pool_add_alarm_at_force_in_context>
10001098:	1e01      	subs	r1, r0, #0
1000109a:	dd0f      	ble.n	100010bc <best_effort_wfe_or_timeout+0xdc>
1000109c:	4b10      	ldr	r3, [pc, #64]	@ (100010e0 <best_effort_wfe_or_timeout+0x100>)
1000109e:	6a5a      	ldr	r2, [r3, #36]	@ 0x24
100010a0:	455a      	cmp	r2, fp
100010a2:	d31b      	bcc.n	100010dc <best_effort_wfe_or_timeout+0xfc>
100010a4:	6a9b      	ldr	r3, [r3, #40]	@ 0x28
100010a6:	42b3      	cmp	r3, r6
100010a8:	d316      	bcc.n	100010d8 <best_effort_wfe_or_timeout+0xf8>
100010aa:	4650      	mov	r0, sl
100010ac:	f7ff fe6a 	bl	10000d84 <alarm_pool_cancel_alarm>
100010b0:	4a0b      	ldr	r2, [pc, #44]	@ (100010e0 <best_effort_wfe_or_timeout+0x100>)
100010b2:	2000      	movs	r0, #0
100010b4:	6a53      	ldr	r3, [r2, #36]	@ 0x24
100010b6:	455b      	cmp	r3, fp
100010b8:	d3ad      	bcc.n	10001016 <best_effort_wfe_or_timeout+0x36>
100010ba:	e7d2      	b.n	10001062 <best_effort_wfe_or_timeout+0x82>
100010bc:	4a08      	ldr	r2, [pc, #32]	@ (100010e0 <best_effort_wfe_or_timeout+0x100>)
100010be:	2000      	movs	r0, #0
100010c0:	6a53      	ldr	r3, [r2, #36]	@ 0x24
100010c2:	455b      	cmp	r3, fp
100010c4:	d3a7      	bcc.n	10001016 <best_effort_wfe_or_timeout+0x36>
100010c6:	2000      	movs	r0, #0
100010c8:	6a92      	ldr	r2, [r2, #40]	@ 0x28
100010ca:	1bdb      	subs	r3, r3, r7
100010cc:	42b2      	cmp	r2, r6
100010ce:	4140      	adcs	r0, r0
100010d0:	1e5a      	subs	r2, r3, #1
100010d2:	4193      	sbcs	r3, r2
100010d4:	4318      	orrs	r0, r3
100010d6:	e79e      	b.n	10001016 <best_effort_wfe_or_timeout+0x36>
100010d8:	455a      	cmp	r2, fp
100010da:	d1e6      	bne.n	100010aa <best_effort_wfe_or_timeout+0xca>
100010dc:	bf20      	wfe
100010de:	e7e4      	b.n	100010aa <best_effort_wfe_or_timeout+0xca>
100010e0:	40054000 	.word	0x40054000
100010e4:	200001e4 	.word	0x200001e4
100010e8:	100008c9 	.word	0x100008c9

100010ec <timer_hardware_alarm_claim>:
100010ec:	b510      	push	{r4, lr}
100010ee:	4a02      	ldr	r2, [pc, #8]	@ (100010f8 <timer_hardware_alarm_claim+0xc>)
100010f0:	4802      	ldr	r0, [pc, #8]	@ (100010fc <timer_hardware_alarm_claim+0x10>)
100010f2:	f7ff f9eb 	bl	100004cc <hw_claim_or_assert>
100010f6:	bd10      	pop	{r4, pc}
100010f8:	10002160 	.word	0x10002160
100010fc:	20000768 	.word	0x20000768

10001100 <timer_time_us_64>:
10001100:	0003      	movs	r3, r0
10001102:	6a41      	ldr	r1, [r0, #36]	@ 0x24
10001104:	000a      	movs	r2, r1
10001106:	6a98      	ldr	r0, [r3, #40]	@ 0x28
10001108:	6a59      	ldr	r1, [r3, #36]	@ 0x24
1000110a:	428a      	cmp	r2, r1
1000110c:	d1fa      	bne.n	10001104 <timer_time_us_64+0x4>
1000110e:	4770      	bx	lr

10001110 <time_us_64>:
10001110:	4b03      	ldr	r3, [pc, #12]	@ (10001120 <time_us_64+0x10>)
10001112:	6a59      	ldr	r1, [r3, #36]	@ 0x24
10001114:	000a      	movs	r2, r1
10001116:	6a98      	ldr	r0, [r3, #40]	@ 0x28
10001118:	6a59      	ldr	r1, [r3, #36]	@ 0x24
1000111a:	4291      	cmp	r1, r2
1000111c:	d1fa      	bne.n	10001114 <time_us_64+0x4>
1000111e:	4770      	bx	lr
10001120:	40054000 	.word	0x40054000

10001124 <busy_wait_us>:
10001124:	b570      	push	{r4, r5, r6, lr}
10001126:	0004      	movs	r4, r0
10001128:	000d      	movs	r5, r1
1000112a:	4a17      	ldr	r2, [pc, #92]	@ (10001188 <busy_wait_us+0x64>)
1000112c:	6a53      	ldr	r3, [r2, #36]	@ 0x24
1000112e:	0019      	movs	r1, r3
10001130:	6a96      	ldr	r6, [r2, #40]	@ 0x28
10001132:	6a53      	ldr	r3, [r2, #36]	@ 0x24
10001134:	428b      	cmp	r3, r1
10001136:	d1fa      	bne.n	1000112e <busy_wait_us+0xa>
10001138:	0030      	movs	r0, r6
1000113a:	0019      	movs	r1, r3
1000113c:	1824      	adds	r4, r4, r0
1000113e:	414d      	adcs	r5, r1
10001140:	42ab      	cmp	r3, r5
10001142:	d816      	bhi.n	10001172 <busy_wait_us+0x4e>
10001144:	d013      	beq.n	1000116e <busy_wait_us+0x4a>
10001146:	4b10      	ldr	r3, [pc, #64]	@ (10001188 <busy_wait_us+0x64>)
10001148:	002a      	movs	r2, r5
1000114a:	6a5b      	ldr	r3, [r3, #36]	@ 0x24
1000114c:	429d      	cmp	r5, r3
1000114e:	d903      	bls.n	10001158 <busy_wait_us+0x34>
10001150:	490d      	ldr	r1, [pc, #52]	@ (10001188 <busy_wait_us+0x64>)
10001152:	6a4b      	ldr	r3, [r1, #36]	@ 0x24
10001154:	4293      	cmp	r3, r2
10001156:	d3fc      	bcc.n	10001152 <busy_wait_us+0x2e>
10001158:	4293      	cmp	r3, r2
1000115a:	d107      	bne.n	1000116c <busy_wait_us+0x48>
1000115c:	4a0a      	ldr	r2, [pc, #40]	@ (10001188 <busy_wait_us+0x64>)
1000115e:	e002      	b.n	10001166 <busy_wait_us+0x42>
10001160:	6a51      	ldr	r1, [r2, #36]	@ 0x24
10001162:	4299      	cmp	r1, r3
10001164:	d102      	bne.n	1000116c <busy_wait_us+0x48>
10001166:	6a91      	ldr	r1, [r2, #40]	@ 0x28
10001168:	42a1      	cmp	r1, r4
1000116a:	d3f9      	bcc.n	10001160 <busy_wait_us+0x3c>
1000116c:	bd70      	pop	{r4, r5, r6, pc}
1000116e:	42a6      	cmp	r6, r4
10001170:	d9e9      	bls.n	10001146 <busy_wait_us+0x22>
10001172:	4b05      	ldr	r3, [pc, #20]	@ (10001188 <busy_wait_us+0x64>)
10001174:	6a5b      	ldr	r3, [r3, #36]	@ 0x24
10001176:	001c      	movs	r4, r3
10001178:	1c5a      	adds	r2, r3, #1
1000117a:	d0ef      	beq.n	1000115c <busy_wait_us+0x38>
1000117c:	2201      	movs	r2, #1
1000117e:	2401      	movs	r4, #1
10001180:	4264      	negs	r4, r4
10001182:	17e5      	asrs	r5, r4, #31
10001184:	4252      	negs	r2, r2
10001186:	e7e3      	b.n	10001150 <busy_wait_us+0x2c>
10001188:	40054000 	.word	0x40054000

1000118c <busy_wait_until>:
1000118c:	4a06      	ldr	r2, [pc, #24]	@ (100011a8 <busy_wait_until+0x1c>)
1000118e:	6a53      	ldr	r3, [r2, #36]	@ 0x24
10001190:	4299      	cmp	r1, r3
10001192:	d8fc      	bhi.n	1000118e <busy_wait_until+0x2>
10001194:	d107      	bne.n	100011a6 <busy_wait_until+0x1a>
10001196:	4b04      	ldr	r3, [pc, #16]	@ (100011a8 <busy_wait_until+0x1c>)
10001198:	e002      	b.n	100011a0 <busy_wait_until+0x14>
1000119a:	6a5a      	ldr	r2, [r3, #36]	@ 0x24
1000119c:	4291      	cmp	r1, r2
1000119e:	d102      	bne.n	100011a6 <busy_wait_until+0x1a>
100011a0:	6a9a      	ldr	r2, [r3, #40]	@ 0x28
100011a2:	4290      	cmp	r0, r2
100011a4:	d8f9      	bhi.n	1000119a <busy_wait_until+0xe>
100011a6:	4770      	bx	lr
100011a8:	40054000 	.word	0x40054000

100011ac <uart_init>:
100011ac:	b5f8      	push	{r3, r4, r5, r6, r7, lr}
100011ae:	0004      	movs	r4, r0
100011b0:	2006      	movs	r0, #6
100011b2:	000d      	movs	r5, r1
100011b4:	f000 f978 	bl	100014a8 <clock_get_hz>
100011b8:	2800      	cmp	r0, #0
100011ba:	d044      	beq.n	10001246 <uart_init+0x9a>
100011bc:	4b37      	ldr	r3, [pc, #220]	@ (1000129c <uart_init+0xf0>)
100011be:	4938      	ldr	r1, [pc, #224]	@ (100012a0 <uart_init+0xf4>)
100011c0:	18e3      	adds	r3, r4, r3
100011c2:	1e5a      	subs	r2, r3, #1
100011c4:	4193      	sbcs	r3, r2
100011c6:	2280      	movs	r2, #128	@ 0x80
100011c8:	0412      	lsls	r2, r2, #16
100011ca:	4694      	mov	ip, r2
100011cc:	425b      	negs	r3, r3
100011ce:	0d9b      	lsrs	r3, r3, #22
100011d0:	4a34      	ldr	r2, [pc, #208]	@ (100012a4 <uart_init+0xf8>)
100011d2:	059b      	lsls	r3, r3, #22
100011d4:	4463      	add	r3, ip
100011d6:	6013      	str	r3, [r2, #0]
100011d8:	4a33      	ldr	r2, [pc, #204]	@ (100012a8 <uart_init+0xfc>)
100011da:	6013      	str	r3, [r2, #0]
100011dc:	0018      	movs	r0, r3
100011de:	680a      	ldr	r2, [r1, #0]
100011e0:	4390      	bics	r0, r2
100011e2:	d1fb      	bne.n	100011dc <uart_init+0x30>
100011e4:	4b2d      	ldr	r3, [pc, #180]	@ (1000129c <uart_init+0xf0>)
100011e6:	4a31      	ldr	r2, [pc, #196]	@ (100012ac <uart_init+0x100>)
100011e8:	18e3      	adds	r3, r4, r3
100011ea:	4259      	negs	r1, r3
100011ec:	414b      	adcs	r3, r1
100011ee:	2180      	movs	r1, #128	@ 0x80
100011f0:	005b      	lsls	r3, r3, #1
100011f2:	0049      	lsls	r1, r1, #1
100011f4:	2006      	movs	r0, #6
100011f6:	5299      	strh	r1, [r3, r2]
100011f8:	f000 f956 	bl	100014a8 <clock_get_hz>
100011fc:	0029      	movs	r1, r5
100011fe:	00c0      	lsls	r0, r0, #3
10001200:	f000 fb24 	bl	1000184c <__wrap___aeabi_uidiv>
10001204:	3001      	adds	r0, #1
10001206:	09c3      	lsrs	r3, r0, #7
10001208:	d11e      	bne.n	10001248 <uart_init+0x9c>
1000120a:	2740      	movs	r7, #64	@ 0x40
1000120c:	2201      	movs	r2, #1
1000120e:	6262      	str	r2, [r4, #36]	@ 0x24
10001210:	62a3      	str	r3, [r4, #40]	@ 0x28
10001212:	6b26      	ldr	r6, [r4, #48]	@ 0x30
10001214:	07f3      	lsls	r3, r6, #31
10001216:	d422      	bmi.n	1000125e <uart_init+0xb2>
10001218:	6ae3      	ldr	r3, [r4, #44]	@ 0x2c
1000121a:	4b25      	ldr	r3, [pc, #148]	@ (100012b0 <uart_init+0x104>)
1000121c:	2006      	movs	r0, #6
1000121e:	18e5      	adds	r5, r4, r3
10001220:	2300      	movs	r3, #0
10001222:	602b      	str	r3, [r5, #0]
10001224:	6326      	str	r6, [r4, #48]	@ 0x30
10001226:	f000 f93f 	bl	100014a8 <clock_get_hz>
1000122a:	0039      	movs	r1, r7
1000122c:	0080      	lsls	r0, r0, #2
1000122e:	f000 fb0d 	bl	1000184c <__wrap___aeabi_uidiv>
10001232:	2370      	movs	r3, #112	@ 0x70
10001234:	6ae2      	ldr	r2, [r4, #44]	@ 0x2c
10001236:	405a      	eors	r2, r3
10001238:	330e      	adds	r3, #14
1000123a:	4013      	ands	r3, r2
1000123c:	602b      	str	r3, [r5, #0]
1000123e:	4b1d      	ldr	r3, [pc, #116]	@ (100012b4 <uart_init+0x108>)
10001240:	6323      	str	r3, [r4, #48]	@ 0x30
10001242:	2303      	movs	r3, #3
10001244:	64a3      	str	r3, [r4, #72]	@ 0x48
10001246:	bdf8      	pop	{r3, r4, r5, r6, r7, pc}
10001248:	4a1b      	ldr	r2, [pc, #108]	@ (100012b8 <uart_init+0x10c>)
1000124a:	4293      	cmp	r3, r2
1000124c:	d91e      	bls.n	1000128c <uart_init+0xe0>
1000124e:	2300      	movs	r3, #0
10001250:	4a1a      	ldr	r2, [pc, #104]	@ (100012bc <uart_init+0x110>)
10001252:	4f1b      	ldr	r7, [pc, #108]	@ (100012c0 <uart_init+0x114>)
10001254:	6262      	str	r2, [r4, #36]	@ 0x24
10001256:	62a3      	str	r3, [r4, #40]	@ 0x28
10001258:	6b26      	ldr	r6, [r4, #48]	@ 0x30
1000125a:	07f3      	lsls	r3, r6, #31
1000125c:	d5dc      	bpl.n	10001218 <uart_init+0x6c>
1000125e:	4b19      	ldr	r3, [pc, #100]	@ (100012c4 <uart_init+0x118>)
10001260:	4a14      	ldr	r2, [pc, #80]	@ (100012b4 <uart_init+0x108>)
10001262:	18e3      	adds	r3, r4, r3
10001264:	601a      	str	r2, [r3, #0]
10001266:	6a65      	ldr	r5, [r4, #36]	@ 0x24
10001268:	6aa3      	ldr	r3, [r4, #40]	@ 0x28
1000126a:	2006      	movs	r0, #6
1000126c:	01ad      	lsls	r5, r5, #6
1000126e:	18ed      	adds	r5, r5, r3
10001270:	f000 f91a 	bl	100014a8 <clock_get_hz>
10001274:	4914      	ldr	r1, [pc, #80]	@ (100012c8 <uart_init+0x11c>)
10001276:	f000 fae9 	bl	1000184c <__wrap___aeabi_uidiv>
1000127a:	02ad      	lsls	r5, r5, #10
1000127c:	0001      	movs	r1, r0
1000127e:	0028      	movs	r0, r5
10001280:	f000 fae4 	bl	1000184c <__wrap___aeabi_uidiv>
10001284:	2100      	movs	r1, #0
10001286:	f7ff ff4d 	bl	10001124 <busy_wait_us>
1000128a:	e7c5      	b.n	10001218 <uart_init+0x6c>
1000128c:	0640      	lsls	r0, r0, #25
1000128e:	0e80      	lsrs	r0, r0, #26
10001290:	019f      	lsls	r7, r3, #6
10001292:	001a      	movs	r2, r3
10001294:	183f      	adds	r7, r7, r0
10001296:	0003      	movs	r3, r0
10001298:	e7b9      	b.n	1000120e <uart_init+0x62>
1000129a:	46c0      	nop			@ (mov r8, r8)
1000129c:	bffc8000 	.word	0xbffc8000
100012a0:	4000c008 	.word	0x4000c008
100012a4:	4000e000 	.word	0x4000e000
100012a8:	4000f000 	.word	0x4000f000
100012ac:	200007d0 	.word	0x200007d0
100012b0:	0000102c 	.word	0x0000102c
100012b4:	00000301 	.word	0x00000301
100012b8:	0000fffe 	.word	0x0000fffe
100012bc:	0000ffff 	.word	0x0000ffff
100012c0:	003fffc0 	.word	0x003fffc0
100012c4:	00003030 	.word	0x00003030
100012c8:	00000e4e 	.word	0x00000e4e

100012cc <clock_configure_int_divider>:
100012cc:	b5f8      	push	{r3, r4, r5, r6, r7, lr}
100012ce:	46de      	mov	lr, fp
100012d0:	464e      	mov	r6, r9
100012d2:	4657      	mov	r7, sl
100012d4:	4645      	mov	r5, r8
100012d6:	b5e0      	push	{r5, r6, r7, lr}
100012d8:	468b      	mov	fp, r1
100012da:	0005      	movs	r5, r0
100012dc:	990a      	ldr	r1, [sp, #40]	@ 0x28
100012de:	0018      	movs	r0, r3
100012e0:	0016      	movs	r6, r2
100012e2:	f000 fab3 	bl	1000184c <__wrap___aeabi_uidiv>
100012e6:	9b0a      	ldr	r3, [sp, #40]	@ 0x28
100012e8:	006c      	lsls	r4, r5, #1
100012ea:	021f      	lsls	r7, r3, #8
100012ec:	4b32      	ldr	r3, [pc, #200]	@ (100013b8 <clock_configure_int_divider+0xec>)
100012ee:	1964      	adds	r4, r4, r5
100012f0:	469c      	mov	ip, r3
100012f2:	00a4      	lsls	r4, r4, #2
100012f4:	4464      	add	r4, ip
100012f6:	6863      	ldr	r3, [r4, #4]
100012f8:	4681      	mov	r9, r0
100012fa:	429f      	cmp	r7, r3
100012fc:	d900      	bls.n	10001300 <clock_configure_int_divider+0x34>
100012fe:	6067      	str	r7, [r4, #4]
10001300:	1f2b      	subs	r3, r5, #4
10001302:	b2db      	uxtb	r3, r3
10001304:	4698      	mov	r8, r3
10001306:	2b01      	cmp	r3, #1
10001308:	d930      	bls.n	1000136c <clock_configure_int_divider+0xa0>
1000130a:	23c0      	movs	r3, #192	@ 0xc0
1000130c:	2280      	movs	r2, #128	@ 0x80
1000130e:	019b      	lsls	r3, r3, #6
10001310:	18e3      	adds	r3, r4, r3
10001312:	0112      	lsls	r2, r2, #4
10001314:	601a      	str	r2, [r3, #0]
10001316:	4b29      	ldr	r3, [pc, #164]	@ (100013bc <clock_configure_int_divider+0xf0>)
10001318:	00ad      	lsls	r5, r5, #2
1000131a:	5959      	ldr	r1, [r3, r5]
1000131c:	469a      	mov	sl, r3
1000131e:	2900      	cmp	r1, #0
10001320:	d11b      	bne.n	1000135a <clock_configure_int_divider+0x8e>
10001322:	0173      	lsls	r3, r6, #5
10001324:	26e0      	movs	r6, #224	@ 0xe0
10001326:	6822      	ldr	r2, [r4, #0]
10001328:	4053      	eors	r3, r2
1000132a:	401e      	ands	r6, r3
1000132c:	2380      	movs	r3, #128	@ 0x80
1000132e:	4642      	mov	r2, r8
10001330:	015b      	lsls	r3, r3, #5
10001332:	18e3      	adds	r3, r4, r3
10001334:	601e      	str	r6, [r3, #0]
10001336:	2a01      	cmp	r2, #1
10001338:	d930      	bls.n	1000139c <clock_configure_int_divider+0xd0>
1000133a:	2380      	movs	r3, #128	@ 0x80
1000133c:	2280      	movs	r2, #128	@ 0x80
1000133e:	019b      	lsls	r3, r3, #6
10001340:	18e3      	adds	r3, r4, r3
10001342:	0112      	lsls	r2, r2, #4
10001344:	601a      	str	r2, [r3, #0]
10001346:	4653      	mov	r3, sl
10001348:	464a      	mov	r2, r9
1000134a:	6067      	str	r7, [r4, #4]
1000134c:	515a      	str	r2, [r3, r5]
1000134e:	bcf0      	pop	{r4, r5, r6, r7}
10001350:	46bb      	mov	fp, r7
10001352:	46b2      	mov	sl, r6
10001354:	46a9      	mov	r9, r5
10001356:	46a0      	mov	r8, r4
10001358:	bdf8      	pop	{r3, r4, r5, r6, r7, pc}
1000135a:	6958      	ldr	r0, [r3, #20]
1000135c:	f000 fa76 	bl	1000184c <__wrap___aeabi_uidiv>
10001360:	3001      	adds	r0, #1
10001362:	0043      	lsls	r3, r0, #1
10001364:	181b      	adds	r3, r3, r0
10001366:	3b03      	subs	r3, #3
10001368:	d2fd      	bcs.n	10001366 <clock_configure_int_divider+0x9a>
1000136a:	e7da      	b.n	10001322 <clock_configure_int_divider+0x56>
1000136c:	465b      	mov	r3, fp
1000136e:	2b01      	cmp	r3, #1
10001370:	d1cb      	bne.n	1000130a <clock_configure_int_divider+0x3e>
10001372:	23c0      	movs	r3, #192	@ 0xc0
10001374:	2203      	movs	r2, #3
10001376:	019b      	lsls	r3, r3, #6
10001378:	18e3      	adds	r3, r4, r3
1000137a:	601a      	str	r2, [r3, #0]
1000137c:	3a02      	subs	r2, #2
1000137e:	68a3      	ldr	r3, [r4, #8]
10001380:	421a      	tst	r2, r3
10001382:	d0fc      	beq.n	1000137e <clock_configure_int_divider+0xb2>
10001384:	0173      	lsls	r3, r6, #5
10001386:	26e0      	movs	r6, #224	@ 0xe0
10001388:	6822      	ldr	r2, [r4, #0]
1000138a:	00ad      	lsls	r5, r5, #2
1000138c:	4053      	eors	r3, r2
1000138e:	401e      	ands	r6, r3
10001390:	2380      	movs	r3, #128	@ 0x80
10001392:	4a0a      	ldr	r2, [pc, #40]	@ (100013bc <clock_configure_int_divider+0xf0>)
10001394:	015b      	lsls	r3, r3, #5
10001396:	4692      	mov	sl, r2
10001398:	18e3      	adds	r3, r4, r3
1000139a:	601e      	str	r6, [r3, #0]
1000139c:	465a      	mov	r2, fp
1000139e:	6821      	ldr	r1, [r4, #0]
100013a0:	4051      	eors	r1, r2
100013a2:	2203      	movs	r2, #3
100013a4:	400a      	ands	r2, r1
100013a6:	601a      	str	r2, [r3, #0]
100013a8:	2201      	movs	r2, #1
100013aa:	465b      	mov	r3, fp
100013ac:	409a      	lsls	r2, r3
100013ae:	68a3      	ldr	r3, [r4, #8]
100013b0:	421a      	tst	r2, r3
100013b2:	d0fc      	beq.n	100013ae <clock_configure_int_divider+0xe2>
100013b4:	e7c1      	b.n	1000133a <clock_configure_int_divider+0x6e>
100013b6:	46c0      	nop			@ (mov r8, r8)
100013b8:	40008000 	.word	0x40008000
100013bc:	2000076c 	.word	0x2000076c

100013c0 <clock_configure_undivided>:
100013c0:	b5f0      	push	{r4, r5, r6, r7, lr}
100013c2:	4646      	mov	r6, r8
100013c4:	464f      	mov	r7, r9
100013c6:	46d6      	mov	lr, sl
100013c8:	b5c0      	push	{r6, r7, lr}
100013ca:	001f      	movs	r7, r3
100013cc:	4b34      	ldr	r3, [pc, #208]	@ (100014a0 <clock_configure_undivided+0xe0>)
100013ce:	0044      	lsls	r4, r0, #1
100013d0:	469c      	mov	ip, r3
100013d2:	1824      	adds	r4, r4, r0
100013d4:	00a4      	lsls	r4, r4, #2
100013d6:	4464      	add	r4, ip
100013d8:	6863      	ldr	r3, [r4, #4]
100013da:	4688      	mov	r8, r1
100013dc:	0016      	movs	r6, r2
100013de:	2bff      	cmp	r3, #255	@ 0xff
100013e0:	d802      	bhi.n	100013e8 <clock_configure_undivided+0x28>
100013e2:	2380      	movs	r3, #128	@ 0x80
100013e4:	005b      	lsls	r3, r3, #1
100013e6:	6063      	str	r3, [r4, #4]
100013e8:	1f03      	subs	r3, r0, #4
100013ea:	b2db      	uxtb	r3, r3
100013ec:	469a      	mov	sl, r3
100013ee:	2b01      	cmp	r3, #1
100013f0:	d930      	bls.n	10001454 <clock_configure_undivided+0x94>
100013f2:	23c0      	movs	r3, #192	@ 0xc0
100013f4:	2280      	movs	r2, #128	@ 0x80
100013f6:	019b      	lsls	r3, r3, #6
100013f8:	18e3      	adds	r3, r4, r3
100013fa:	0112      	lsls	r2, r2, #4
100013fc:	601a      	str	r2, [r3, #0]
100013fe:	4b29      	ldr	r3, [pc, #164]	@ (100014a4 <clock_configure_undivided+0xe4>)
10001400:	0085      	lsls	r5, r0, #2
10001402:	5959      	ldr	r1, [r3, r5]
10001404:	4699      	mov	r9, r3
10001406:	2900      	cmp	r1, #0
10001408:	d11b      	bne.n	10001442 <clock_configure_undivided+0x82>
1000140a:	0173      	lsls	r3, r6, #5
1000140c:	26e0      	movs	r6, #224	@ 0xe0
1000140e:	6822      	ldr	r2, [r4, #0]
10001410:	4053      	eors	r3, r2
10001412:	401e      	ands	r6, r3
10001414:	2380      	movs	r3, #128	@ 0x80
10001416:	4652      	mov	r2, sl
10001418:	015b      	lsls	r3, r3, #5
1000141a:	18e3      	adds	r3, r4, r3
1000141c:	601e      	str	r6, [r3, #0]
1000141e:	2a01      	cmp	r2, #1
10001420:	d930      	bls.n	10001484 <clock_configure_undivided+0xc4>
10001422:	2380      	movs	r3, #128	@ 0x80
10001424:	2280      	movs	r2, #128	@ 0x80
10001426:	019b      	lsls	r3, r3, #6
10001428:	18e3      	adds	r3, r4, r3
1000142a:	0112      	lsls	r2, r2, #4
1000142c:	601a      	str	r2, [r3, #0]
1000142e:	2380      	movs	r3, #128	@ 0x80
10001430:	005b      	lsls	r3, r3, #1
10001432:	6063      	str	r3, [r4, #4]
10001434:	464b      	mov	r3, r9
10001436:	515f      	str	r7, [r3, r5]
10001438:	bce0      	pop	{r5, r6, r7}
1000143a:	46ba      	mov	sl, r7
1000143c:	46b1      	mov	r9, r6
1000143e:	46a8      	mov	r8, r5
10001440:	bdf0      	pop	{r4, r5, r6, r7, pc}
10001442:	6958      	ldr	r0, [r3, #20]
10001444:	f000 fa02 	bl	1000184c <__wrap___aeabi_uidiv>
10001448:	3001      	adds	r0, #1
1000144a:	0043      	lsls	r3, r0, #1
1000144c:	181b      	adds	r3, r3, r0
1000144e:	3b03      	subs	r3, #3
10001450:	d2fd      	bcs.n	1000144e <clock_configure_undivided+0x8e>
10001452:	e7da      	b.n	1000140a <clock_configure_undivided+0x4a>
10001454:	4643      	mov	r3, r8
10001456:	2b01      	cmp	r3, #1
10001458:	d1cb      	bne.n	100013f2 <clock_configure_undivided+0x32>
1000145a:	23c0      	movs	r3, #192	@ 0xc0
1000145c:	2203      	movs	r2, #3
1000145e:	019b      	lsls	r3, r3, #6
10001460:	18e3      	adds	r3, r4, r3
10001462:	601a      	str	r2, [r3, #0]
10001464:	3a02      	subs	r2, #2
10001466:	68a3      	ldr	r3, [r4, #8]
10001468:	421a      	tst	r2, r3
1000146a:	d0fc      	beq.n	10001466 <clock_configure_undivided+0xa6>
1000146c:	0173      	lsls	r3, r6, #5
1000146e:	26e0      	movs	r6, #224	@ 0xe0
10001470:	6822      	ldr	r2, [r4, #0]
10001472:	0085      	lsls	r5, r0, #2
10001474:	4053      	eors	r3, r2
10001476:	401e      	ands	r6, r3
10001478:	2380      	movs	r3, #128	@ 0x80
1000147a:	4a0a      	ldr	r2, [pc, #40]	@ (100014a4 <clock_configure_undivided+0xe4>)
1000147c:	015b      	lsls	r3, r3, #5
1000147e:	4691      	mov	r9, r2
10001480:	18e3      	adds	r3, r4, r3
10001482:	601e      	str	r6, [r3, #0]
10001484:	4642      	mov	r2, r8
10001486:	6821      	ldr	r1, [r4, #0]
10001488:	4051      	eors	r1, r2
1000148a:	2203      	movs	r2, #3
1000148c:	400a      	ands	r2, r1
1000148e:	601a      	str	r2, [r3, #0]
10001490:	2301      	movs	r3, #1
10001492:	4642      	mov	r2, r8
10001494:	4093      	lsls	r3, r2
10001496:	68a2      	ldr	r2, [r4, #8]
10001498:	4213      	tst	r3, r2
1000149a:	d0fc      	beq.n	10001496 <clock_configure_undivided+0xd6>
1000149c:	e7c1      	b.n	10001422 <clock_configure_undivided+0x62>
1000149e:	46c0      	nop			@ (mov r8, r8)
100014a0:	40008000 	.word	0x40008000
100014a4:	2000076c 	.word	0x2000076c

100014a8 <clock_get_hz>:
100014a8:	4b01      	ldr	r3, [pc, #4]	@ (100014b0 <clock_get_hz+0x8>)
100014aa:	0080      	lsls	r0, r0, #2
100014ac:	58c0      	ldr	r0, [r0, r3]
100014ae:	4770      	bx	lr
100014b0:	2000076c 	.word	0x2000076c

100014b4 <pll_init>:
100014b4:	b5f8      	push	{r3, r4, r5, r6, r7, lr}
100014b6:	0004      	movs	r4, r0
100014b8:	4821      	ldr	r0, [pc, #132]	@ (10001540 <pll_init+0x8c>)
100014ba:	001e      	movs	r6, r3
100014bc:	0017      	movs	r7, r2
100014be:	000d      	movs	r5, r1
100014c0:	f000 f9c4 	bl	1000184c <__wrap___aeabi_uidiv>
100014c4:	0001      	movs	r1, r0
100014c6:	0038      	movs	r0, r7
100014c8:	f000 f9c0 	bl	1000184c <__wrap___aeabi_uidiv>
100014cc:	9b06      	ldr	r3, [sp, #24]
100014ce:	0436      	lsls	r6, r6, #16
100014d0:	031b      	lsls	r3, r3, #12
100014d2:	431e      	orrs	r6, r3
100014d4:	6823      	ldr	r3, [r4, #0]
100014d6:	2b00      	cmp	r3, #0
100014d8:	db20      	blt.n	1000151c <pll_init+0x68>
100014da:	4b1a      	ldr	r3, [pc, #104]	@ (10001544 <pll_init+0x90>)
100014dc:	491a      	ldr	r1, [pc, #104]	@ (10001548 <pll_init+0x94>)
100014de:	18e3      	adds	r3, r4, r3
100014e0:	1e5a      	subs	r2, r3, #1
100014e2:	4193      	sbcs	r3, r2
100014e4:	2280      	movs	r2, #128	@ 0x80
100014e6:	0192      	lsls	r2, r2, #6
100014e8:	4694      	mov	ip, r2
100014ea:	425b      	negs	r3, r3
100014ec:	0b1b      	lsrs	r3, r3, #12
100014ee:	4a17      	ldr	r2, [pc, #92]	@ (1000154c <pll_init+0x98>)
100014f0:	031b      	lsls	r3, r3, #12
100014f2:	4463      	add	r3, ip
100014f4:	6013      	str	r3, [r2, #0]
100014f6:	4a16      	ldr	r2, [pc, #88]	@ (10001550 <pll_init+0x9c>)
100014f8:	6013      	str	r3, [r2, #0]
100014fa:	001f      	movs	r7, r3
100014fc:	680a      	ldr	r2, [r1, #0]
100014fe:	4397      	bics	r7, r2
10001500:	d1fb      	bne.n	100014fa <pll_init+0x46>
10001502:	4b14      	ldr	r3, [pc, #80]	@ (10001554 <pll_init+0xa0>)
10001504:	6025      	str	r5, [r4, #0]
10001506:	18e2      	adds	r2, r4, r3
10001508:	2321      	movs	r3, #33	@ 0x21
1000150a:	60a0      	str	r0, [r4, #8]
1000150c:	6013      	str	r3, [r2, #0]
1000150e:	6823      	ldr	r3, [r4, #0]
10001510:	2b00      	cmp	r3, #0
10001512:	dafc      	bge.n	1000150e <pll_init+0x5a>
10001514:	2308      	movs	r3, #8
10001516:	60e6      	str	r6, [r4, #12]
10001518:	6013      	str	r3, [r2, #0]
1000151a:	bdf8      	pop	{r3, r4, r5, r6, r7, pc}
1000151c:	233f      	movs	r3, #63	@ 0x3f
1000151e:	6822      	ldr	r2, [r4, #0]
10001520:	4013      	ands	r3, r2
10001522:	42ab      	cmp	r3, r5
10001524:	d1d9      	bne.n	100014da <pll_init+0x26>
10001526:	68a3      	ldr	r3, [r4, #8]
10001528:	051b      	lsls	r3, r3, #20
1000152a:	0d1b      	lsrs	r3, r3, #20
1000152c:	4283      	cmp	r3, r0
1000152e:	d1d4      	bne.n	100014da <pll_init+0x26>
10001530:	22ee      	movs	r2, #238	@ 0xee
10001532:	68e3      	ldr	r3, [r4, #12]
10001534:	02d2      	lsls	r2, r2, #11
10001536:	4013      	ands	r3, r2
10001538:	42b3      	cmp	r3, r6
1000153a:	d1ce      	bne.n	100014da <pll_init+0x26>
1000153c:	e7ed      	b.n	1000151a <pll_init+0x66>
1000153e:	46c0      	nop			@ (mov r8, r8)
10001540:	00b71b00 	.word	0x00b71b00
10001544:	bffd4000 	.word	0xbffd4000
10001548:	4000c008 	.word	0x4000c008
1000154c:	4000e000 	.word	0x4000e000
10001550:	4000f000 	.word	0x4000f000
10001554:	00003004 	.word	0x00003004

10001558 <tick_start>:
10001558:	2380      	movs	r3, #128	@ 0x80
1000155a:	4a02      	ldr	r2, [pc, #8]	@ (10001564 <tick_start+0xc>)
1000155c:	009b      	lsls	r3, r3, #2
1000155e:	430b      	orrs	r3, r1
10001560:	62d3      	str	r3, [r2, #44]	@ 0x2c
10001562:	4770      	bx	lr
10001564:	40058000 	.word	0x40058000

10001568 <rom_func_lookup>:
10001568:	2300      	movs	r3, #0
1000156a:	b510      	push	{r4, lr}
1000156c:	0001      	movs	r1, r0
1000156e:	8a98      	ldrh	r0, [r3, #20]
10001570:	8b1b      	ldrh	r3, [r3, #24]
10001572:	4798      	blx	r3
10001574:	bd10      	pop	{r4, pc}
10001576:	46c0      	nop			@ (mov r8, r8)

10001578 <rom_data_lookup>:
10001578:	2316      	movs	r3, #22
1000157a:	b510      	push	{r4, lr}
1000157c:	0001      	movs	r1, r0
1000157e:	8818      	ldrh	r0, [r3, #0]
10001580:	3302      	adds	r3, #2
10001582:	881b      	ldrh	r3, [r3, #0]
10001584:	4798      	blx	r3
10001586:	bd10      	pop	{r4, pc}

10001588 <rom_funcs_lookup>:
10001588:	b5f8      	push	{r3, r4, r5, r6, r7, lr}
1000158a:	4647      	mov	r7, r8
1000158c:	46ce      	mov	lr, r9
1000158e:	b580      	push	{r7, lr}
10001590:	1e0f      	subs	r7, r1, #0
10001592:	d018      	beq.n	100015c6 <rom_funcs_lookup+0x3e>
10001594:	2314      	movs	r3, #20
10001596:	4699      	mov	r9, r3
10001598:	3304      	adds	r3, #4
1000159a:	0004      	movs	r4, r0
1000159c:	2500      	movs	r5, #0
1000159e:	2601      	movs	r6, #1
100015a0:	4698      	mov	r8, r3
100015a2:	464b      	mov	r3, r9
100015a4:	8818      	ldrh	r0, [r3, #0]
100015a6:	4643      	mov	r3, r8
100015a8:	6821      	ldr	r1, [r4, #0]
100015aa:	881b      	ldrh	r3, [r3, #0]
100015ac:	4798      	blx	r3
100015ae:	c401      	stmia	r4!, {r0}
100015b0:	1e43      	subs	r3, r0, #1
100015b2:	4198      	sbcs	r0, r3
100015b4:	3501      	adds	r5, #1
100015b6:	4006      	ands	r6, r0
100015b8:	42af      	cmp	r7, r5
100015ba:	d1f2      	bne.n	100015a2 <rom_funcs_lookup+0x1a>
100015bc:	0030      	movs	r0, r6
100015be:	bcc0      	pop	{r6, r7}
100015c0:	46b9      	mov	r9, r7
100015c2:	46b0      	mov	r8, r6
100015c4:	bdf8      	pop	{r3, r4, r5, r6, r7, pc}
100015c6:	2601      	movs	r6, #1
100015c8:	e7f8      	b.n	100015bc <rom_funcs_lookup+0x34>
100015ca:	46c0      	nop			@ (mov r8, r8)

100015cc <xosc_init>:
100015cc:	23aa      	movs	r3, #170	@ 0xaa
100015ce:	4a06      	ldr	r2, [pc, #24]	@ (100015e8 <xosc_init+0x1c>)
100015d0:	011b      	lsls	r3, r3, #4
100015d2:	6013      	str	r3, [r2, #0]
100015d4:	238d      	movs	r3, #141	@ 0x8d
100015d6:	005b      	lsls	r3, r3, #1
100015d8:	60d3      	str	r3, [r2, #12]
100015da:	4904      	ldr	r1, [pc, #16]	@ (100015ec <xosc_init+0x20>)
100015dc:	4b04      	ldr	r3, [pc, #16]	@ (100015f0 <xosc_init+0x24>)
100015de:	6019      	str	r1, [r3, #0]
100015e0:	6853      	ldr	r3, [r2, #4]
100015e2:	2b00      	cmp	r3, #0
100015e4:	dafc      	bge.n	100015e0 <xosc_init+0x14>
100015e6:	4770      	bx	lr
100015e8:	40024000 	.word	0x40024000
100015ec:	00fab000 	.word	0x00fab000
100015f0:	40026000 	.word	0x40026000

100015f4 <first_per_core_initializer>:
100015f4:	4770      	bx	lr
100015f6:	46c0      	nop			@ (mov r8, r8)

100015f8 <hard_assertion_failure>:
100015f8:	b510      	push	{r4, lr}
100015fa:	4801      	ldr	r0, [pc, #4]	@ (10001600 <hard_assertion_failure+0x8>)
100015fc:	f7fe ff4e 	bl	1000049c <panic>
10001600:	10002184 	.word	0x10002184

10001604 <runtime_run_initializers>:
10001604:	b570      	push	{r4, r5, r6, lr}
10001606:	4d07      	ldr	r5, [pc, #28]	@ (10001624 <runtime_run_initializers+0x20>)
10001608:	4e07      	ldr	r6, [pc, #28]	@ (10001628 <runtime_run_initializers+0x24>)
1000160a:	42b5      	cmp	r5, r6
1000160c:	d209      	bcs.n	10001622 <runtime_run_initializers+0x1e>
1000160e:	2400      	movs	r4, #0
10001610:	3e01      	subs	r6, #1
10001612:	1b76      	subs	r6, r6, r5
10001614:	08b6      	lsrs	r6, r6, #2
10001616:	cd08      	ldmia	r5!, {r3}
10001618:	4798      	blx	r3
1000161a:	0023      	movs	r3, r4
1000161c:	3401      	adds	r4, #1
1000161e:	42b3      	cmp	r3, r6
10001620:	d1f9      	bne.n	10001616 <runtime_run_initializers+0x12>
10001622:	bd70      	pop	{r4, r5, r6, pc}
10001624:	10002108 	.word	0x10002108
10001628:	10002144 	.word	0x10002144

1000162c <runtime_init_early_resets>:
1000162c:	4b05      	ldr	r3, [pc, #20]	@ (10001644 <runtime_init_early_resets+0x18>)
1000162e:	4a06      	ldr	r2, [pc, #24]	@ (10001648 <runtime_init_early_resets+0x1c>)
10001630:	4906      	ldr	r1, [pc, #24]	@ (1000164c <runtime_init_early_resets+0x20>)
10001632:	601a      	str	r2, [r3, #0]
10001634:	4a06      	ldr	r2, [pc, #24]	@ (10001650 <runtime_init_early_resets+0x24>)
10001636:	4b07      	ldr	r3, [pc, #28]	@ (10001654 <runtime_init_early_resets+0x28>)
10001638:	601a      	str	r2, [r3, #0]
1000163a:	0010      	movs	r0, r2
1000163c:	680b      	ldr	r3, [r1, #0]
1000163e:	4398      	bics	r0, r3
10001640:	d1fb      	bne.n	1000163a <runtime_init_early_resets+0xe>
10001642:	4770      	bx	lr
10001644:	4000e000 	.word	0x4000e000
10001648:	fefbcdbf 	.word	0xfefbcdbf
1000164c:	4000c008 	.word	0x4000c008
10001650:	003c7ffe 	.word	0x003c7ffe
10001654:	4000f000 	.word	0x4000f000

10001658 <runtime_init_usb_power_down>:
10001658:	4b04      	ldr	r3, [pc, #16]	@ (1000166c <runtime_init_usb_power_down+0x14>)
1000165a:	6cdb      	ldr	r3, [r3, #76]	@ 0x4c
1000165c:	2b00      	cmp	r3, #0
1000165e:	d103      	bne.n	10001668 <runtime_init_usb_power_down+0x10>
10001660:	2280      	movs	r2, #128	@ 0x80
10001662:	4b03      	ldr	r3, [pc, #12]	@ (10001670 <runtime_init_usb_power_down+0x18>)
10001664:	02d2      	lsls	r2, r2, #11
10001666:	601a      	str	r2, [r3, #0]
10001668:	4770      	bx	lr
1000166a:	46c0      	nop			@ (mov r8, r8)
1000166c:	50110000 	.word	0x50110000
10001670:	5011204c 	.word	0x5011204c

10001674 <runtime_init_post_clock_resets>:
10001674:	4a04      	ldr	r2, [pc, #16]	@ (10001688 <runtime_init_post_clock_resets+0x14>)
10001676:	4b05      	ldr	r3, [pc, #20]	@ (1000168c <runtime_init_post_clock_resets+0x18>)
10001678:	601a      	str	r2, [r3, #0]
1000167a:	4a05      	ldr	r2, [pc, #20]	@ (10001690 <runtime_init_post_clock_resets+0x1c>)
1000167c:	6813      	ldr	r3, [r2, #0]
1000167e:	01db      	lsls	r3, r3, #7
10001680:	3380      	adds	r3, #128	@ 0x80
10001682:	d1fb      	bne.n	1000167c <runtime_init_post_clock_resets+0x8>
10001684:	4770      	bx	lr
10001686:	46c0      	nop			@ (mov r8, r8)
10001688:	01ffffff 	.word	0x01ffffff
1000168c:	4000f000 	.word	0x4000f000
10001690:	4000c008 	.word	0x4000c008

10001694 <runtime_init_rp2040_gpio_ie_disable>:
10001694:	2240      	movs	r2, #64	@ 0x40
10001696:	4b03      	ldr	r3, [pc, #12]	@ (100016a4 <runtime_init_rp2040_gpio_ie_disable+0x10>)
10001698:	679a      	str	r2, [r3, #120]	@ 0x78
1000169a:	675a      	str	r2, [r3, #116]	@ 0x74
1000169c:	671a      	str	r2, [r3, #112]	@ 0x70
1000169e:	66da      	str	r2, [r3, #108]	@ 0x6c
100016a0:	4770      	bx	lr
100016a2:	46c0      	nop			@ (mov r8, r8)
100016a4:	4001f000 	.word	0x4001f000

100016a8 <runtime_init_spin_locks_reset>:
100016a8:	b510      	push	{r4, lr}
100016aa:	f7fe ff3d 	bl	10000528 <spin_locks_reset>
100016ae:	bd10      	pop	{r4, pc}

100016b0 <runtime_init_install_ram_vector_table>:
100016b0:	b5f8      	push	{r3, r4, r5, r6, r7, lr}
100016b2:	4927      	ldr	r1, [pc, #156]	@ (10001750 <runtime_init_install_ram_vector_table+0xa0>)
100016b4:	4c27      	ldr	r4, [pc, #156]	@ (10001754 <runtime_init_install_ram_vector_table+0xa4>)
100016b6:	4d28      	ldr	r5, [pc, #160]	@ (10001758 <runtime_init_install_ram_vector_table+0xa8>)
100016b8:	1a64      	subs	r4, r4, r1
100016ba:	10a6      	asrs	r6, r4, #2
100016bc:	0032      	movs	r2, r6
100016be:	2e30      	cmp	r6, #48	@ 0x30
100016c0:	d900      	bls.n	100016c4 <runtime_init_install_ram_vector_table+0x14>
100016c2:	2230      	movs	r2, #48	@ 0x30
100016c4:	0028      	movs	r0, r5
100016c6:	0092      	lsls	r2, r2, #2
100016c8:	f000 f9b8 	bl	10001a3c <__wrap___aeabi_memcpy>
100016cc:	2cbc      	cmp	r4, #188	@ 0xbc
100016ce:	d83b      	bhi.n	10001748 <runtime_init_install_ram_vector_table+0x98>
100016d0:	2030      	movs	r0, #48	@ 0x30
100016d2:	232f      	movs	r3, #47	@ 0x2f
100016d4:	192c      	adds	r4, r5, r4
100016d6:	0764      	lsls	r4, r4, #29
100016d8:	4a20      	ldr	r2, [pc, #128]	@ (1000175c <runtime_init_install_ram_vector_table+0xac>)
100016da:	1b80      	subs	r0, r0, r6
100016dc:	0fe4      	lsrs	r4, r4, #31
100016de:	1b9b      	subs	r3, r3, r6
100016e0:	2b05      	cmp	r3, #5
100016e2:	d916      	bls.n	10001712 <runtime_init_install_ram_vector_table+0x62>
100016e4:	0037      	movs	r7, r6
100016e6:	2c00      	cmp	r4, #0
100016e8:	d002      	beq.n	100016f0 <runtime_init_install_ram_vector_table+0x40>
100016ea:	00b3      	lsls	r3, r6, #2
100016ec:	1c77      	adds	r7, r6, #1
100016ee:	50ea      	str	r2, [r5, r3]
100016f0:	1b00      	subs	r0, r0, r4
100016f2:	1933      	adds	r3, r6, r4
100016f4:	009b      	lsls	r3, r3, #2
100016f6:	0841      	lsrs	r1, r0, #1
100016f8:	18eb      	adds	r3, r5, r3
100016fa:	00c9      	lsls	r1, r1, #3
100016fc:	18c9      	adds	r1, r1, r3
100016fe:	601a      	str	r2, [r3, #0]
10001700:	605a      	str	r2, [r3, #4]
10001702:	3308      	adds	r3, #8
10001704:	4299      	cmp	r1, r3
10001706:	d1fa      	bne.n	100016fe <runtime_init_install_ram_vector_table+0x4e>
10001708:	2301      	movs	r3, #1
1000170a:	4203      	tst	r3, r0
1000170c:	d01c      	beq.n	10001748 <runtime_init_install_ram_vector_table+0x98>
1000170e:	4398      	bics	r0, r3
10001710:	19c6      	adds	r6, r0, r7
10001712:	00b3      	lsls	r3, r6, #2
10001714:	50ea      	str	r2, [r5, r3]
10001716:	1c73      	adds	r3, r6, #1
10001718:	2e2f      	cmp	r6, #47	@ 0x2f
1000171a:	d015      	beq.n	10001748 <runtime_init_install_ram_vector_table+0x98>
1000171c:	009b      	lsls	r3, r3, #2
1000171e:	50ea      	str	r2, [r5, r3]
10001720:	1cb3      	adds	r3, r6, #2
10001722:	2e2e      	cmp	r6, #46	@ 0x2e
10001724:	d010      	beq.n	10001748 <runtime_init_install_ram_vector_table+0x98>
10001726:	009b      	lsls	r3, r3, #2
10001728:	50ea      	str	r2, [r5, r3]
1000172a:	1cf3      	adds	r3, r6, #3
1000172c:	2e2d      	cmp	r6, #45	@ 0x2d
1000172e:	d00b      	beq.n	10001748 <runtime_init_install_ram_vector_table+0x98>
10001730:	009b      	lsls	r3, r3, #2
10001732:	50ea      	str	r2, [r5, r3]
10001734:	1d33      	adds	r3, r6, #4
10001736:	2e2c      	cmp	r6, #44	@ 0x2c
10001738:	d006      	beq.n	10001748 <runtime_init_install_ram_vector_table+0x98>
1000173a:	009b      	lsls	r3, r3, #2
1000173c:	50ea      	str	r2, [r5, r3]
1000173e:	1d73      	adds	r3, r6, #5
10001740:	2e2b      	cmp	r6, #43	@ 0x2b
10001742:	d001      	beq.n	10001748 <runtime_init_install_ram_vector_table+0x98>
10001744:	009b      	lsls	r3, r3, #2
10001746:	50ea      	str	r2, [r5, r3]
10001748:	4b05      	ldr	r3, [pc, #20]	@ (10001760 <runtime_init_install_ram_vector_table+0xb0>)
1000174a:	609d      	str	r5, [r3, #8]
1000174c:	bdf8      	pop	{r3, r4, r5, r6, r7, pc}
1000174e:	46c0      	nop			@ (mov r8, r8)
10001750:	10000100 	.word	0x10000100
10001754:	100001c0 	.word	0x100001c0
10001758:	20000000 	.word	0x20000000
1000175c:	100001c1 	.word	0x100001c1
10001760:	e000ed00 	.word	0xe000ed00

10001764 <runtime_init_clocks>:
10001764:	2300      	movs	r3, #0
10001766:	b510      	push	{r4, lr}
10001768:	4c29      	ldr	r4, [pc, #164]	@ (10001810 <runtime_init_clocks+0xac>)
1000176a:	b082      	sub	sp, #8
1000176c:	67a3      	str	r3, [r4, #120]	@ 0x78
1000176e:	f7ff ff2d 	bl	100015cc <xosc_init>
10001772:	2201      	movs	r2, #1
10001774:	4b27      	ldr	r3, [pc, #156]	@ (10001814 <runtime_init_clocks+0xb0>)
10001776:	601a      	str	r2, [r3, #0]
10001778:	6c63      	ldr	r3, [r4, #68]	@ 0x44
1000177a:	2b01      	cmp	r3, #1
1000177c:	d1fc      	bne.n	10001778 <runtime_init_clocks+0x14>
1000177e:	2203      	movs	r2, #3
10001780:	4b25      	ldr	r3, [pc, #148]	@ (10001818 <runtime_init_clocks+0xb4>)
10001782:	601a      	str	r2, [r3, #0]
10001784:	4a22      	ldr	r2, [pc, #136]	@ (10001810 <runtime_init_clocks+0xac>)
10001786:	6b93      	ldr	r3, [r2, #56]	@ 0x38
10001788:	2b01      	cmp	r3, #1
1000178a:	d1fc      	bne.n	10001786 <runtime_init_clocks+0x22>
1000178c:	3301      	adds	r3, #1
1000178e:	9300      	str	r3, [sp, #0]
10001790:	2101      	movs	r1, #1
10001792:	4a22      	ldr	r2, [pc, #136]	@ (1000181c <runtime_init_clocks+0xb8>)
10001794:	4822      	ldr	r0, [pc, #136]	@ (10001820 <runtime_init_clocks+0xbc>)
10001796:	3304      	adds	r3, #4
10001798:	f7ff fe8c 	bl	100014b4 <pll_init>
1000179c:	2305      	movs	r3, #5
1000179e:	2101      	movs	r1, #1
100017a0:	9300      	str	r3, [sp, #0]
100017a2:	4a20      	ldr	r2, [pc, #128]	@ (10001824 <runtime_init_clocks+0xc0>)
100017a4:	4820      	ldr	r0, [pc, #128]	@ (10001828 <runtime_init_clocks+0xc4>)
100017a6:	f7ff fe85 	bl	100014b4 <pll_init>
100017aa:	2200      	movs	r2, #0
100017ac:	2102      	movs	r1, #2
100017ae:	2004      	movs	r0, #4
100017b0:	4b1e      	ldr	r3, [pc, #120]	@ (1000182c <runtime_init_clocks+0xc8>)
100017b2:	f7ff fe05 	bl	100013c0 <clock_configure_undivided>
100017b6:	2200      	movs	r2, #0
100017b8:	2101      	movs	r1, #1
100017ba:	2005      	movs	r0, #5
100017bc:	4b1c      	ldr	r3, [pc, #112]	@ (10001830 <runtime_init_clocks+0xcc>)
100017be:	f7ff fdff 	bl	100013c0 <clock_configure_undivided>
100017c2:	2200      	movs	r2, #0
100017c4:	2100      	movs	r1, #0
100017c6:	2007      	movs	r0, #7
100017c8:	4b1a      	ldr	r3, [pc, #104]	@ (10001834 <runtime_init_clocks+0xd0>)
100017ca:	f7ff fdf9 	bl	100013c0 <clock_configure_undivided>
100017ce:	2200      	movs	r2, #0
100017d0:	2100      	movs	r1, #0
100017d2:	2008      	movs	r0, #8
100017d4:	4b17      	ldr	r3, [pc, #92]	@ (10001834 <runtime_init_clocks+0xd0>)
100017d6:	f7ff fdf3 	bl	100013c0 <clock_configure_undivided>
100017da:	2380      	movs	r3, #128	@ 0x80
100017dc:	00db      	lsls	r3, r3, #3
100017de:	9300      	str	r3, [sp, #0]
100017e0:	2200      	movs	r2, #0
100017e2:	2100      	movs	r1, #0
100017e4:	2009      	movs	r0, #9
100017e6:	4b13      	ldr	r3, [pc, #76]	@ (10001834 <runtime_init_clocks+0xd0>)
100017e8:	f7ff fd70 	bl	100012cc <clock_configure_int_divider>
100017ec:	2200      	movs	r2, #0
100017ee:	4b10      	ldr	r3, [pc, #64]	@ (10001830 <runtime_init_clocks+0xcc>)
100017f0:	2100      	movs	r1, #0
100017f2:	2006      	movs	r0, #6
100017f4:	f7ff fde4 	bl	100013c0 <clock_configure_undivided>
100017f8:	2004      	movs	r0, #4
100017fa:	f7ff fe55 	bl	100014a8 <clock_get_hz>
100017fe:	490e      	ldr	r1, [pc, #56]	@ (10001838 <runtime_init_clocks+0xd4>)
10001800:	f000 f824 	bl	1000184c <__wrap___aeabi_uidiv>
10001804:	0001      	movs	r1, r0
10001806:	2000      	movs	r0, #0
10001808:	f7ff fea6 	bl	10001558 <tick_start>
1000180c:	b002      	add	sp, #8
1000180e:	bd10      	pop	{r4, pc}
10001810:	40008000 	.word	0x40008000
10001814:	4000b03c 	.word	0x4000b03c
10001818:	4000b030 	.word	0x4000b030
1000181c:	59682f00 	.word	0x59682f00
10001820:	40028000 	.word	0x40028000
10001824:	47868c00 	.word	0x47868c00
10001828:	4002c000 	.word	0x4002c000
1000182c:	00b71b00 	.word	0x00b71b00
10001830:	07735940 	.word	0x07735940
10001834:	02dc6c00 	.word	0x02dc6c00
10001838:	000f4240 	.word	0x000f4240

1000183c <__aeabi_bits_init>:
1000183c:	4801      	ldr	r0, [pc, #4]	@ (10001844 <__aeabi_bits_init+0x8>)
1000183e:	2104      	movs	r1, #4
10001840:	4b01      	ldr	r3, [pc, #4]	@ (10001848 <__aeabi_bits_init+0xc>)
10001842:	4718      	bx	r3
10001844:	20000200 	.word	0x20000200
10001848:	10001589 	.word	0x10001589

1000184c <__wrap___aeabi_uidiv>:
1000184c:	4a11      	ldr	r2, [pc, #68]	@ (10001894 <divmod_u32u32_savestate+0x18>)
1000184e:	6f93      	ldr	r3, [r2, #120]	@ 0x78
10001850:	089b      	lsrs	r3, r3, #2
10001852:	d213      	bcs.n	1000187c <divmod_u32u32_savestate>

10001854 <divmod_u32u32_unsafe>:
10001854:	6610      	str	r0, [r2, #96]	@ 0x60
10001856:	6651      	str	r1, [r2, #100]	@ 0x64
10001858:	2900      	cmp	r1, #0
1000185a:	d005      	beq.n	10001868 <divmod_u32u32_unsafe+0x14>
1000185c:	e7ff      	b.n	1000185e <divmod_u32u32_unsafe+0xa>
1000185e:	e7ff      	b.n	10001860 <divmod_u32u32_unsafe+0xc>
10001860:	e7ff      	b.n	10001862 <divmod_u32u32_unsafe+0xe>
10001862:	6f51      	ldr	r1, [r2, #116]	@ 0x74
10001864:	6f10      	ldr	r0, [r2, #112]	@ 0x70
10001866:	4770      	bx	lr
10001868:	b504      	push	{r2, lr}
1000186a:	2800      	cmp	r0, #0
1000186c:	d001      	beq.n	10001872 <divmod_u32u32_unsafe+0x1e>
1000186e:	2000      	movs	r0, #0
10001870:	43c0      	mvns	r0, r0
10001872:	f000 fc39 	bl	100020e8 <____aeabi_idiv0_veneer>
10001876:	2100      	movs	r1, #0
10001878:	bd04      	pop	{r2, pc}
1000187a:	46c0      	nop			@ (mov r8, r8)

1000187c <divmod_u32u32_savestate>:
1000187c:	b5f0      	push	{r4, r5, r6, r7, lr}
1000187e:	6e14      	ldr	r4, [r2, #96]	@ 0x60
10001880:	6e55      	ldr	r5, [r2, #100]	@ 0x64
10001882:	6f57      	ldr	r7, [r2, #116]	@ 0x74
10001884:	6f16      	ldr	r6, [r2, #112]	@ 0x70
10001886:	f7ff ffe5 	bl	10001854 <divmod_u32u32_unsafe>
1000188a:	6614      	str	r4, [r2, #96]	@ 0x60
1000188c:	6655      	str	r5, [r2, #100]	@ 0x64
1000188e:	6757      	str	r7, [r2, #116]	@ 0x74
10001890:	6716      	str	r6, [r2, #112]	@ 0x70
10001892:	bdf0      	pop	{r4, r5, r6, r7, pc}
10001894:	d0000000 	.word	0xd0000000

10001898 <__aeabi_double_init>:
10001898:	2313      	movs	r3, #19
1000189a:	b570      	push	{r4, r5, r6, lr}
1000189c:	781d      	ldrb	r5, [r3, #0]
1000189e:	2d01      	cmp	r5, #1
100018a0:	d019      	beq.n	100018d6 <__aeabi_double_init+0x3e>
100018a2:	dd14      	ble.n	100018ce <__aeabi_double_init+0x36>
100018a4:	481f      	ldr	r0, [pc, #124]	@ (10001924 <__aeabi_double_init+0x8c>)
100018a6:	f7ff fe67 	bl	10001578 <rom_data_lookup>
100018aa:	0006      	movs	r6, r0
100018ac:	481e      	ldr	r0, [pc, #120]	@ (10001928 <__aeabi_double_init+0x90>)
100018ae:	f7ff fe63 	bl	10001578 <rom_data_lookup>
100018b2:	4c1e      	ldr	r4, [pc, #120]	@ (1000192c <__aeabi_double_init+0x94>)
100018b4:	2280      	movs	r2, #128	@ 0x80
100018b6:	0031      	movs	r1, r6
100018b8:	0020      	movs	r0, r4
100018ba:	f000 f8bf 	bl	10001a3c <__wrap___aeabi_memcpy>
100018be:	2d02      	cmp	r5, #2
100018c0:	d02d      	beq.n	1000191e <__aeabi_double_init+0x86>
100018c2:	481b      	ldr	r0, [pc, #108]	@ (10001930 <__aeabi_double_init+0x98>)
100018c4:	f7ff fe50 	bl	10001568 <rom_func_lookup>
100018c8:	4b1a      	ldr	r3, [pc, #104]	@ (10001934 <__aeabi_double_init+0x9c>)
100018ca:	6018      	str	r0, [r3, #0]
100018cc:	bd70      	pop	{r4, r5, r6, pc}
100018ce:	4b1a      	ldr	r3, [pc, #104]	@ (10001938 <__aeabi_double_init+0xa0>)
100018d0:	4c16      	ldr	r4, [pc, #88]	@ (1000192c <__aeabi_double_init+0x94>)
100018d2:	64a3      	str	r3, [r4, #72]	@ 0x48
100018d4:	e7f5      	b.n	100018c2 <__aeabi_double_init+0x2a>
100018d6:	4b18      	ldr	r3, [pc, #96]	@ (10001938 <__aeabi_double_init+0xa0>)
100018d8:	4c14      	ldr	r4, [pc, #80]	@ (1000192c <__aeabi_double_init+0x94>)
100018da:	6023      	str	r3, [r4, #0]
100018dc:	6063      	str	r3, [r4, #4]
100018de:	60a3      	str	r3, [r4, #8]
100018e0:	60e3      	str	r3, [r4, #12]
100018e2:	6123      	str	r3, [r4, #16]
100018e4:	6163      	str	r3, [r4, #20]
100018e6:	61a3      	str	r3, [r4, #24]
100018e8:	61e3      	str	r3, [r4, #28]
100018ea:	6223      	str	r3, [r4, #32]
100018ec:	6263      	str	r3, [r4, #36]	@ 0x24
100018ee:	62a3      	str	r3, [r4, #40]	@ 0x28
100018f0:	62e3      	str	r3, [r4, #44]	@ 0x2c
100018f2:	6323      	str	r3, [r4, #48]	@ 0x30
100018f4:	6363      	str	r3, [r4, #52]	@ 0x34
100018f6:	63a3      	str	r3, [r4, #56]	@ 0x38
100018f8:	63e3      	str	r3, [r4, #60]	@ 0x3c
100018fa:	6423      	str	r3, [r4, #64]	@ 0x40
100018fc:	6463      	str	r3, [r4, #68]	@ 0x44
100018fe:	64a3      	str	r3, [r4, #72]	@ 0x48
10001900:	64e3      	str	r3, [r4, #76]	@ 0x4c
10001902:	6523      	str	r3, [r4, #80]	@ 0x50
10001904:	6563      	str	r3, [r4, #84]	@ 0x54
10001906:	65a3      	str	r3, [r4, #88]	@ 0x58
10001908:	65e3      	str	r3, [r4, #92]	@ 0x5c
1000190a:	6623      	str	r3, [r4, #96]	@ 0x60
1000190c:	6663      	str	r3, [r4, #100]	@ 0x64
1000190e:	66a3      	str	r3, [r4, #104]	@ 0x68
10001910:	66e3      	str	r3, [r4, #108]	@ 0x6c
10001912:	6723      	str	r3, [r4, #112]	@ 0x70
10001914:	6763      	str	r3, [r4, #116]	@ 0x74
10001916:	67a3      	str	r3, [r4, #120]	@ 0x78
10001918:	67e3      	str	r3, [r4, #124]	@ 0x7c
1000191a:	64a3      	str	r3, [r4, #72]	@ 0x48
1000191c:	e7d1      	b.n	100018c2 <__aeabi_double_init+0x2a>
1000191e:	4b06      	ldr	r3, [pc, #24]	@ (10001938 <__aeabi_double_init+0xa0>)
10001920:	64a3      	str	r3, [r4, #72]	@ 0x48
10001922:	e7ce      	b.n	100018c2 <__aeabi_double_init+0x2a>
10001924:	00004453 	.word	0x00004453
10001928:	00004653 	.word	0x00004653
1000192c:	200003c8 	.word	0x200003c8
10001930:	0000334c 	.word	0x0000334c
10001934:	200007c8 	.word	0x200007c8
10001938:	1000193d 	.word	0x1000193d

1000193c <double_table_shim_on_use_helper>:
1000193c:	b507      	push	{r0, r1, r2, lr}
1000193e:	4660      	mov	r0, ip
10001940:	8801      	ldrh	r1, [r0, #0]
10001942:	0a0a      	lsrs	r2, r1, #8
10001944:	3002      	adds	r0, #2
10001946:	2adf      	cmp	r2, #223	@ 0xdf
10001948:	d1fa      	bne.n	10001940 <double_table_shim_on_use_helper+0x4>
1000194a:	b2c9      	uxtb	r1, r1
1000194c:	0882      	lsrs	r2, r0, #2
1000194e:	d304      	bcc.n	1000195a <double_table_shim_on_use_helper+0x1e>
10001950:	8802      	ldrh	r2, [r0, #0]
10001952:	8840      	ldrh	r0, [r0, #2]
10001954:	0400      	lsls	r0, r0, #16
10001956:	4310      	orrs	r0, r2
10001958:	e000      	b.n	1000195c <double_table_shim_on_use_helper+0x20>
1000195a:	6800      	ldr	r0, [r0, #0]
1000195c:	4a01      	ldr	r2, [pc, #4]	@ (10001964 <double_table_shim_on_use_helper+0x28>)
1000195e:	5050      	str	r0, [r2, r1]
10001960:	9003      	str	r0, [sp, #12]
10001962:	bd07      	pop	{r0, r1, r2, pc}
10001964:	200003c8 	.word	0x200003c8

10001968 <__wrap___aeabi_lmul>:
10001968:	4351      	muls	r1, r2
1000196a:	4343      	muls	r3, r0
1000196c:	18c9      	adds	r1, r1, r3
1000196e:	468c      	mov	ip, r1
10001970:	0c11      	lsrs	r1, r2, #16
10001972:	b283      	uxth	r3, r0
10001974:	434b      	muls	r3, r1
10001976:	b410      	push	{r4}
10001978:	0c04      	lsrs	r4, r0, #16
1000197a:	4361      	muls	r1, r4
1000197c:	b292      	uxth	r2, r2
1000197e:	b280      	uxth	r0, r0
10001980:	4350      	muls	r0, r2
10001982:	4362      	muls	r2, r4
10001984:	041c      	lsls	r4, r3, #16
10001986:	0c1b      	lsrs	r3, r3, #16
10001988:	1900      	adds	r0, r0, r4
1000198a:	bc10      	pop	{r4}
1000198c:	4159      	adcs	r1, r3
1000198e:	0413      	lsls	r3, r2, #16
10001990:	0c12      	lsrs	r2, r2, #16
10001992:	18c0      	adds	r0, r0, r3
10001994:	4151      	adcs	r1, r2
10001996:	4461      	add	r1, ip
10001998:	4770      	bx	lr
	...

1000199c <__aeabi_float_init>:
1000199c:	2313      	movs	r3, #19
1000199e:	b510      	push	{r4, lr}
100019a0:	4812      	ldr	r0, [pc, #72]	@ (100019ec <__aeabi_float_init+0x50>)
100019a2:	781c      	ldrb	r4, [r3, #0]
100019a4:	f7ff fde8 	bl	10001578 <rom_data_lookup>
100019a8:	0001      	movs	r1, r0
100019aa:	2c01      	cmp	r4, #1
100019ac:	d00a      	beq.n	100019c4 <__aeabi_float_init+0x28>
100019ae:	dd03      	ble.n	100019b8 <__aeabi_float_init+0x1c>
100019b0:	2280      	movs	r2, #128	@ 0x80
100019b2:	480f      	ldr	r0, [pc, #60]	@ (100019f0 <__aeabi_float_init+0x54>)
100019b4:	f000 f842 	bl	10001a3c <__wrap___aeabi_memcpy>
100019b8:	480e      	ldr	r0, [pc, #56]	@ (100019f4 <__aeabi_float_init+0x58>)
100019ba:	f7ff fdd5 	bl	10001568 <rom_func_lookup>
100019be:	4b0e      	ldr	r3, [pc, #56]	@ (100019f8 <__aeabi_float_init+0x5c>)
100019c0:	6018      	str	r0, [r3, #0]
100019c2:	bd10      	pop	{r4, pc}
100019c4:	4c0a      	ldr	r4, [pc, #40]	@ (100019f0 <__aeabi_float_init+0x54>)
100019c6:	2254      	movs	r2, #84	@ 0x54
100019c8:	0020      	movs	r0, r4
100019ca:	f000 f837 	bl	10001a3c <__wrap___aeabi_memcpy>
100019ce:	4b0b      	ldr	r3, [pc, #44]	@ (100019fc <__aeabi_float_init+0x60>)
100019d0:	6563      	str	r3, [r4, #84]	@ 0x54
100019d2:	65a3      	str	r3, [r4, #88]	@ 0x58
100019d4:	65e3      	str	r3, [r4, #92]	@ 0x5c
100019d6:	6623      	str	r3, [r4, #96]	@ 0x60
100019d8:	6663      	str	r3, [r4, #100]	@ 0x64
100019da:	66a3      	str	r3, [r4, #104]	@ 0x68
100019dc:	66e3      	str	r3, [r4, #108]	@ 0x6c
100019de:	6723      	str	r3, [r4, #112]	@ 0x70
100019e0:	6763      	str	r3, [r4, #116]	@ 0x74
100019e2:	67a3      	str	r3, [r4, #120]	@ 0x78
100019e4:	67e3      	str	r3, [r4, #124]	@ 0x7c
100019e6:	6223      	str	r3, [r4, #32]
100019e8:	61e3      	str	r3, [r4, #28]
100019ea:	e7e5      	b.n	100019b8 <__aeabi_float_init+0x1c>
100019ec:	00004653 	.word	0x00004653
100019f0:	200004c8 	.word	0x200004c8
100019f4:	0000334c 	.word	0x0000334c
100019f8:	200007c8 	.word	0x200007c8
100019fc:	10001a01 	.word	0x10001a01

10001a00 <float_table_shim_on_use_helper>:
10001a00:	b507      	push	{r0, r1, r2, lr}
10001a02:	4660      	mov	r0, ip
10001a04:	8801      	ldrh	r1, [r0, #0]
10001a06:	0a0a      	lsrs	r2, r1, #8
10001a08:	3002      	adds	r0, #2
10001a0a:	2adf      	cmp	r2, #223	@ 0xdf
10001a0c:	d1fa      	bne.n	10001a04 <float_table_shim_on_use_helper+0x4>
10001a0e:	b2c9      	uxtb	r1, r1
10001a10:	0882      	lsrs	r2, r0, #2
10001a12:	d304      	bcc.n	10001a1e <float_table_shim_on_use_helper+0x1e>
10001a14:	8802      	ldrh	r2, [r0, #0]
10001a16:	8840      	ldrh	r0, [r0, #2]
10001a18:	0400      	lsls	r0, r0, #16
10001a1a:	4310      	orrs	r0, r2
10001a1c:	e000      	b.n	10001a20 <float_table_shim_on_use_helper+0x20>
10001a1e:	6800      	ldr	r0, [r0, #0]
10001a20:	4a01      	ldr	r2, [pc, #4]	@ (10001a28 <float_table_shim_on_use_helper+0x28>)
10001a22:	5050      	str	r0, [r2, r1]
10001a24:	9003      	str	r0, [sp, #12]
10001a26:	bd07      	pop	{r0, r1, r2, pc}
10001a28:	200004c8 	.word	0x200004c8

10001a2c <__aeabi_mem_init>:
10001a2c:	4801      	ldr	r0, [pc, #4]	@ (10001a34 <__aeabi_mem_init+0x8>)
10001a2e:	2104      	movs	r1, #4
10001a30:	4b01      	ldr	r3, [pc, #4]	@ (10001a38 <__aeabi_mem_init+0xc>)
10001a32:	4718      	bx	r3
10001a34:	20000210 	.word	0x20000210
10001a38:	10001589 	.word	0x10001589

10001a3c <__wrap___aeabi_memcpy>:
10001a3c:	4b01      	ldr	r3, [pc, #4]	@ (10001a44 <__wrap___aeabi_memcpy+0x8>)
10001a3e:	685b      	ldr	r3, [r3, #4]
10001a40:	4718      	bx	r3
10001a42:	0000      	.short	0x0000
10001a44:	20000210 	.word	0x20000210

10001a48 <_out_char>:
10001a48:	b510      	push	{r4, lr}
10001a4a:	2800      	cmp	r0, #0
10001a4c:	d100      	bne.n	10001a50 <_out_char+0x8>
10001a4e:	bd10      	pop	{r4, pc}
10001a50:	f000 f932 	bl	10001cb8 <__wrap_putchar>
10001a54:	e7fb      	b.n	10001a4e <_out_char+0x6>
10001a56:	46c0      	nop			@ (mov r8, r8)

10001a58 <weak_raw_vprintf>:
10001a58:	b510      	push	{r4, lr}
10001a5a:	4a09      	ldr	r2, [pc, #36]	@ (10001a80 <weak_raw_vprintf+0x28>)
10001a5c:	0003      	movs	r3, r0
10001a5e:	6814      	ldr	r4, [r2, #0]
10001a60:	b084      	sub	sp, #16
10001a62:	2c00      	cmp	r4, #0
10001a64:	d008      	beq.n	10001a78 <weak_raw_vprintf+0x20>
10001a66:	2201      	movs	r2, #1
10001a68:	9100      	str	r1, [sp, #0]
10001a6a:	4806      	ldr	r0, [pc, #24]	@ (10001a84 <weak_raw_vprintf+0x2c>)
10001a6c:	4252      	negs	r2, r2
10001a6e:	a903      	add	r1, sp, #12
10001a70:	47a0      	blx	r4
10001a72:	2001      	movs	r0, #1
10001a74:	b004      	add	sp, #16
10001a76:	bd10      	pop	{r4, pc}
10001a78:	f000 f968 	bl	10001d4c <__wrap_puts>
10001a7c:	2000      	movs	r0, #0
10001a7e:	e7f9      	b.n	10001a74 <weak_raw_vprintf+0x1c>
10001a80:	2000079c 	.word	0x2000079c
10001a84:	10001a49 	.word	0x10001a49

10001a88 <_exit>:
10001a88:	be00      	bkpt	0x0000
10001a8a:	e7fd      	b.n	10001a88 <_exit>

10001a8c <exit>:
10001a8c:	b510      	push	{r4, lr}
10001a8e:	f7ff fffb 	bl	10001a88 <_exit>
10001a92:	46c0      	nop			@ (mov r8, r8)

10001a94 <runtime_init>:
10001a94:	b570      	push	{r4, r5, r6, lr}
10001a96:	f7ff fdb5 	bl	10001604 <runtime_run_initializers>
10001a9a:	4d07      	ldr	r5, [pc, #28]	@ (10001ab8 <runtime_init+0x24>)
10001a9c:	4e07      	ldr	r6, [pc, #28]	@ (10001abc <runtime_init+0x28>)
10001a9e:	42b5      	cmp	r5, r6
10001aa0:	d209      	bcs.n	10001ab6 <runtime_init+0x22>
10001aa2:	2400      	movs	r4, #0
10001aa4:	3e01      	subs	r6, #1
10001aa6:	1b76      	subs	r6, r6, r5
10001aa8:	08b6      	lsrs	r6, r6, #2
10001aaa:	cd08      	ldmia	r5!, {r3}
10001aac:	4798      	blx	r3
10001aae:	0023      	movs	r3, r4
10001ab0:	3401      	adds	r4, #1
10001ab2:	42b3      	cmp	r3, r6
10001ab4:	d1f9      	bne.n	10001aaa <runtime_init+0x16>
10001ab6:	bd70      	pop	{r4, r5, r6, pc}
10001ab8:	10002144 	.word	0x10002144
10001abc:	1000214c 	.word	0x1000214c

10001ac0 <stdio_out_chars_no_crlf>:
10001ac0:	0003      	movs	r3, r0
10001ac2:	b510      	push	{r4, lr}
10001ac4:	0008      	movs	r0, r1
10001ac6:	0011      	movs	r1, r2
10001ac8:	681b      	ldr	r3, [r3, #0]
10001aca:	4798      	blx	r3
10001acc:	bd10      	pop	{r4, pc}
10001ace:	46c0      	nop			@ (mov r8, r8)

10001ad0 <stdio_out_chars_crlf>:
10001ad0:	b5f0      	push	{r4, r5, r6, r7, lr}
10001ad2:	46c6      	mov	lr, r8
10001ad4:	b500      	push	{lr}
10001ad6:	7d43      	ldrb	r3, [r0, #21]
10001ad8:	0007      	movs	r7, r0
10001ada:	000c      	movs	r4, r1
10001adc:	0016      	movs	r6, r2
10001ade:	2b00      	cmp	r3, #0
10001ae0:	d046      	beq.n	10001b70 <stdio_out_chars_crlf+0xa0>
10001ae2:	2a00      	cmp	r2, #0
10001ae4:	dd17      	ble.n	10001b16 <stdio_out_chars_crlf+0x46>
10001ae6:	780b      	ldrb	r3, [r1, #0]
10001ae8:	2b0a      	cmp	r3, #10
10001aea:	d024      	beq.n	10001b36 <stdio_out_chars_crlf+0x66>
10001aec:	2300      	movs	r3, #0
10001aee:	4698      	mov	r8, r3
10001af0:	2e01      	cmp	r6, #1
10001af2:	d013      	beq.n	10001b1c <stdio_out_chars_crlf+0x4c>
10001af4:	2501      	movs	r5, #1
10001af6:	0029      	movs	r1, r5
10001af8:	5c63      	ldrb	r3, [r4, r1]
10001afa:	3501      	adds	r5, #1
10001afc:	2b0a      	cmp	r3, #10
10001afe:	d026      	beq.n	10001b4e <stdio_out_chars_crlf+0x7e>
10001b00:	42b5      	cmp	r5, r6
10001b02:	d1f8      	bne.n	10001af6 <stdio_out_chars_crlf+0x26>
10001b04:	4546      	cmp	r6, r8
10001b06:	dc09      	bgt.n	10001b1c <stdio_out_chars_crlf+0x4c>
10001b08:	19a4      	adds	r4, r4, r6
10001b0a:	3c01      	subs	r4, #1
10001b0c:	7823      	ldrb	r3, [r4, #0]
10001b0e:	3b0d      	subs	r3, #13
10001b10:	425a      	negs	r2, r3
10001b12:	4153      	adcs	r3, r2
10001b14:	753b      	strb	r3, [r7, #20]
10001b16:	bc80      	pop	{r7}
10001b18:	46b8      	mov	r8, r7
10001b1a:	bdf0      	pop	{r4, r5, r6, r7, pc}
10001b1c:	4643      	mov	r3, r8
10001b1e:	18e0      	adds	r0, r4, r3
10001b20:	19a4      	adds	r4, r4, r6
10001b22:	1af1      	subs	r1, r6, r3
10001b24:	3c01      	subs	r4, #1
10001b26:	683b      	ldr	r3, [r7, #0]
10001b28:	4798      	blx	r3
10001b2a:	7823      	ldrb	r3, [r4, #0]
10001b2c:	3b0d      	subs	r3, #13
10001b2e:	425a      	negs	r2, r3
10001b30:	4153      	adcs	r3, r2
10001b32:	753b      	strb	r3, [r7, #20]
10001b34:	e7ef      	b.n	10001b16 <stdio_out_chars_crlf+0x46>
10001b36:	7d03      	ldrb	r3, [r0, #20]
10001b38:	2b00      	cmp	r3, #0
10001b3a:	d1d7      	bne.n	10001aec <stdio_out_chars_crlf+0x1c>
10001b3c:	2102      	movs	r1, #2
10001b3e:	480f      	ldr	r0, [pc, #60]	@ (10001b7c <stdio_out_chars_crlf+0xac>)
10001b40:	683b      	ldr	r3, [r7, #0]
10001b42:	4798      	blx	r3
10001b44:	2e01      	cmp	r6, #1
10001b46:	d0df      	beq.n	10001b08 <stdio_out_chars_crlf+0x38>
10001b48:	2301      	movs	r3, #1
10001b4a:	4698      	mov	r8, r3
10001b4c:	e7d2      	b.n	10001af4 <stdio_out_chars_crlf+0x24>
10001b4e:	1e63      	subs	r3, r4, #1
10001b50:	5c5b      	ldrb	r3, [r3, r1]
10001b52:	2b0d      	cmp	r3, #13
10001b54:	d0d4      	beq.n	10001b00 <stdio_out_chars_crlf+0x30>
10001b56:	4588      	cmp	r8, r1
10001b58:	da04      	bge.n	10001b64 <stdio_out_chars_crlf+0x94>
10001b5a:	4643      	mov	r3, r8
10001b5c:	1ac9      	subs	r1, r1, r3
10001b5e:	18e0      	adds	r0, r4, r3
10001b60:	683b      	ldr	r3, [r7, #0]
10001b62:	4798      	blx	r3
10001b64:	2102      	movs	r1, #2
10001b66:	4805      	ldr	r0, [pc, #20]	@ (10001b7c <stdio_out_chars_crlf+0xac>)
10001b68:	683b      	ldr	r3, [r7, #0]
10001b6a:	46a8      	mov	r8, r5
10001b6c:	4798      	blx	r3
10001b6e:	e7c7      	b.n	10001b00 <stdio_out_chars_crlf+0x30>
10001b70:	6803      	ldr	r3, [r0, #0]
10001b72:	0011      	movs	r1, r2
10001b74:	0020      	movs	r0, r4
10001b76:	4798      	blx	r3
10001b78:	e7cd      	b.n	10001b16 <stdio_out_chars_crlf+0x46>
10001b7a:	46c0      	nop			@ (mov r8, r8)
10001b7c:	1000224c 	.word	0x1000224c

10001b80 <stdio_put_string>:
10001b80:	b5f0      	push	{r4, r5, r6, r7, lr}
10001b82:	4645      	mov	r5, r8
10001b84:	46de      	mov	lr, fp
10001b86:	464e      	mov	r6, r9
10001b88:	4657      	mov	r7, sl
10001b8a:	b5e0      	push	{r5, r6, r7, lr}
10001b8c:	b083      	sub	sp, #12
10001b8e:	4691      	mov	r9, r2
10001b90:	001c      	movs	r4, r3
10001b92:	4680      	mov	r8, r0
10001b94:	000d      	movs	r5, r1
10001b96:	f7ff fabb 	bl	10001110 <time_us_64>
10001b9a:	2300      	movs	r3, #0
10001b9c:	4a30      	ldr	r2, [pc, #192]	@ (10001c60 <stdio_put_string+0xe0>)
10001b9e:	1812      	adds	r2, r2, r0
10001ba0:	414b      	adcs	r3, r1
10001ba2:	2b00      	cmp	r3, #0
10001ba4:	da02      	bge.n	10001bac <stdio_put_string+0x2c>
10001ba6:	2201      	movs	r2, #1
10001ba8:	4b2e      	ldr	r3, [pc, #184]	@ (10001c64 <stdio_put_string+0xe4>)
10001baa:	4252      	negs	r2, r2
10001bac:	492e      	ldr	r1, [pc, #184]	@ (10001c68 <stdio_put_string+0xe8>)
10001bae:	0008      	movs	r0, r1
10001bb0:	468a      	mov	sl, r1
10001bb2:	f000 faa1 	bl	100020f8 <__mutex_try_enter_block_until_veneer>
10001bb6:	0007      	movs	r7, r0
10001bb8:	1c6b      	adds	r3, r5, #1
10001bba:	d103      	bne.n	10001bc4 <stdio_put_string+0x44>
10001bbc:	4640      	mov	r0, r8
10001bbe:	f000 f9f9 	bl	10001fb4 <strlen>
10001bc2:	0005      	movs	r5, r0
10001bc4:	2c00      	cmp	r4, #0
10001bc6:	d027      	beq.n	10001c18 <stdio_put_string+0x98>
10001bc8:	4e28      	ldr	r6, [pc, #160]	@ (10001c6c <stdio_put_string+0xec>)
10001bca:	4b29      	ldr	r3, [pc, #164]	@ (10001c70 <stdio_put_string+0xf0>)
10001bcc:	681c      	ldr	r4, [r3, #0]
10001bce:	2c00      	cmp	r4, #0
10001bd0:	d018      	beq.n	10001c04 <stdio_put_string+0x84>
10001bd2:	464b      	mov	r3, r9
10001bd4:	2b00      	cmp	r3, #0
10001bd6:	d121      	bne.n	10001c1c <stdio_put_string+0x9c>
10001bd8:	4b26      	ldr	r3, [pc, #152]	@ (10001c74 <stdio_put_string+0xf4>)
10001bda:	4699      	mov	r9, r3
10001bdc:	e002      	b.n	10001be4 <stdio_put_string+0x64>
10001bde:	6924      	ldr	r4, [r4, #16]
10001be0:	2c00      	cmp	r4, #0
10001be2:	d00f      	beq.n	10001c04 <stdio_put_string+0x84>
10001be4:	6823      	ldr	r3, [r4, #0]
10001be6:	2b00      	cmp	r3, #0
10001be8:	d0f9      	beq.n	10001bde <stdio_put_string+0x5e>
10001bea:	464b      	mov	r3, r9
10001bec:	681b      	ldr	r3, [r3, #0]
10001bee:	2b00      	cmp	r3, #0
10001bf0:	d001      	beq.n	10001bf6 <stdio_put_string+0x76>
10001bf2:	429c      	cmp	r4, r3
10001bf4:	d1f3      	bne.n	10001bde <stdio_put_string+0x5e>
10001bf6:	0020      	movs	r0, r4
10001bf8:	002a      	movs	r2, r5
10001bfa:	4641      	mov	r1, r8
10001bfc:	47b0      	blx	r6
10001bfe:	6924      	ldr	r4, [r4, #16]
10001c00:	2c00      	cmp	r4, #0
10001c02:	d1ef      	bne.n	10001be4 <stdio_put_string+0x64>
10001c04:	2f00      	cmp	r7, #0
10001c06:	d126      	bne.n	10001c56 <stdio_put_string+0xd6>
10001c08:	0028      	movs	r0, r5
10001c0a:	b003      	add	sp, #12
10001c0c:	bcf0      	pop	{r4, r5, r6, r7}
10001c0e:	46bb      	mov	fp, r7
10001c10:	46b2      	mov	sl, r6
10001c12:	46a9      	mov	r9, r5
10001c14:	46a0      	mov	r8, r4
10001c16:	bdf0      	pop	{r4, r5, r6, r7, pc}
10001c18:	4e17      	ldr	r6, [pc, #92]	@ (10001c78 <stdio_put_string+0xf8>)
10001c1a:	e7d6      	b.n	10001bca <stdio_put_string+0x4a>
10001c1c:	4b15      	ldr	r3, [pc, #84]	@ (10001c74 <stdio_put_string+0xf4>)
10001c1e:	4699      	mov	r9, r3
10001c20:	230a      	movs	r3, #10
10001c22:	469b      	mov	fp, r3
10001c24:	e002      	b.n	10001c2c <stdio_put_string+0xac>
10001c26:	6924      	ldr	r4, [r4, #16]
10001c28:	2c00      	cmp	r4, #0
10001c2a:	d0eb      	beq.n	10001c04 <stdio_put_string+0x84>
10001c2c:	6823      	ldr	r3, [r4, #0]
10001c2e:	2b00      	cmp	r3, #0
10001c30:	d0f9      	beq.n	10001c26 <stdio_put_string+0xa6>
10001c32:	464b      	mov	r3, r9
10001c34:	681b      	ldr	r3, [r3, #0]
10001c36:	2b00      	cmp	r3, #0
10001c38:	d001      	beq.n	10001c3e <stdio_put_string+0xbe>
10001c3a:	42a3      	cmp	r3, r4
10001c3c:	d1f3      	bne.n	10001c26 <stdio_put_string+0xa6>
10001c3e:	002a      	movs	r2, r5
10001c40:	4641      	mov	r1, r8
10001c42:	0020      	movs	r0, r4
10001c44:	47b0      	blx	r6
10001c46:	466b      	mov	r3, sp
10001c48:	465a      	mov	r2, fp
10001c4a:	0020      	movs	r0, r4
10001c4c:	71da      	strb	r2, [r3, #7]
10001c4e:	1dd9      	adds	r1, r3, #7
10001c50:	2201      	movs	r2, #1
10001c52:	47b0      	blx	r6
10001c54:	e7e7      	b.n	10001c26 <stdio_put_string+0xa6>
10001c56:	4650      	mov	r0, sl
10001c58:	f000 fa3e 	bl	100020d8 <__mutex_exit_veneer>
10001c5c:	e7d4      	b.n	10001c08 <stdio_put_string+0x88>
10001c5e:	46c0      	nop			@ (mov r8, r8)
10001c60:	000f4240 	.word	0x000f4240
10001c64:	7fffffff 	.word	0x7fffffff
10001c68:	2000023c 	.word	0x2000023c
10001c6c:	10001ad1 	.word	0x10001ad1
10001c70:	20000794 	.word	0x20000794
10001c74:	20000798 	.word	0x20000798
10001c78:	10001ac1 	.word	0x10001ac1

10001c7c <stdio_set_driver_enabled>:
10001c7c:	4a0a      	ldr	r2, [pc, #40]	@ (10001ca8 <stdio_set_driver_enabled+0x2c>)
10001c7e:	6813      	ldr	r3, [r2, #0]
10001c80:	2b00      	cmp	r3, #0
10001c82:	d105      	bne.n	10001c90 <stdio_set_driver_enabled+0x14>
10001c84:	e00c      	b.n	10001ca0 <stdio_set_driver_enabled+0x24>
10001c86:	001a      	movs	r2, r3
10001c88:	691b      	ldr	r3, [r3, #16]
10001c8a:	3210      	adds	r2, #16
10001c8c:	2b00      	cmp	r3, #0
10001c8e:	d007      	beq.n	10001ca0 <stdio_set_driver_enabled+0x24>
10001c90:	4283      	cmp	r3, r0
10001c92:	d1f8      	bne.n	10001c86 <stdio_set_driver_enabled+0xa>
10001c94:	2900      	cmp	r1, #0
10001c96:	d102      	bne.n	10001c9e <stdio_set_driver_enabled+0x22>
10001c98:	6918      	ldr	r0, [r3, #16]
10001c9a:	6010      	str	r0, [r2, #0]
10001c9c:	6119      	str	r1, [r3, #16]
10001c9e:	4770      	bx	lr
10001ca0:	2900      	cmp	r1, #0
10001ca2:	d0fc      	beq.n	10001c9e <stdio_set_driver_enabled+0x22>
10001ca4:	6010      	str	r0, [r2, #0]
10001ca6:	e7fa      	b.n	10001c9e <stdio_set_driver_enabled+0x22>
10001ca8:	20000794 	.word	0x20000794

10001cac <stdio_init_all>:
10001cac:	b510      	push	{r4, lr}
10001cae:	f000 f939 	bl	10001f24 <stdio_uart_init>
10001cb2:	2001      	movs	r0, #1
10001cb4:	bd10      	pop	{r4, pc}
10001cb6:	46c0      	nop			@ (mov r8, r8)

10001cb8 <__wrap_putchar>:
10001cb8:	b5f0      	push	{r4, r5, r6, r7, lr}
10001cba:	46ce      	mov	lr, r9
10001cbc:	4647      	mov	r7, r8
10001cbe:	b580      	push	{r7, lr}
10001cc0:	b083      	sub	sp, #12
10001cc2:	466b      	mov	r3, sp
10001cc4:	0006      	movs	r6, r0
10001cc6:	1ddd      	adds	r5, r3, #7
10001cc8:	7028      	strb	r0, [r5, #0]
10001cca:	f7ff fa21 	bl	10001110 <time_us_64>
10001cce:	2300      	movs	r3, #0
10001cd0:	4a19      	ldr	r2, [pc, #100]	@ (10001d38 <__wrap_putchar+0x80>)
10001cd2:	1812      	adds	r2, r2, r0
10001cd4:	414b      	adcs	r3, r1
10001cd6:	2b00      	cmp	r3, #0
10001cd8:	da02      	bge.n	10001ce0 <__wrap_putchar+0x28>
10001cda:	2201      	movs	r2, #1
10001cdc:	4b17      	ldr	r3, [pc, #92]	@ (10001d3c <__wrap_putchar+0x84>)
10001cde:	4252      	negs	r2, r2
10001ce0:	4917      	ldr	r1, [pc, #92]	@ (10001d40 <__wrap_putchar+0x88>)
10001ce2:	0008      	movs	r0, r1
10001ce4:	4688      	mov	r8, r1
10001ce6:	f000 fa07 	bl	100020f8 <__mutex_try_enter_block_until_veneer>
10001cea:	4b16      	ldr	r3, [pc, #88]	@ (10001d44 <__wrap_putchar+0x8c>)
10001cec:	4681      	mov	r9, r0
10001cee:	681c      	ldr	r4, [r3, #0]
10001cf0:	2c00      	cmp	r4, #0
10001cf2:	d014      	beq.n	10001d1e <__wrap_putchar+0x66>
10001cf4:	4f14      	ldr	r7, [pc, #80]	@ (10001d48 <__wrap_putchar+0x90>)
10001cf6:	e002      	b.n	10001cfe <__wrap_putchar+0x46>
10001cf8:	6924      	ldr	r4, [r4, #16]
10001cfa:	2c00      	cmp	r4, #0
10001cfc:	d00f      	beq.n	10001d1e <__wrap_putchar+0x66>
10001cfe:	6823      	ldr	r3, [r4, #0]
10001d00:	2b00      	cmp	r3, #0
10001d02:	d0f9      	beq.n	10001cf8 <__wrap_putchar+0x40>
10001d04:	683b      	ldr	r3, [r7, #0]
10001d06:	2b00      	cmp	r3, #0
10001d08:	d001      	beq.n	10001d0e <__wrap_putchar+0x56>
10001d0a:	429c      	cmp	r4, r3
10001d0c:	d1f4      	bne.n	10001cf8 <__wrap_putchar+0x40>
10001d0e:	0020      	movs	r0, r4
10001d10:	2201      	movs	r2, #1
10001d12:	0029      	movs	r1, r5
10001d14:	f7ff fedc 	bl	10001ad0 <stdio_out_chars_crlf>
10001d18:	6924      	ldr	r4, [r4, #16]
10001d1a:	2c00      	cmp	r4, #0
10001d1c:	d1ef      	bne.n	10001cfe <__wrap_putchar+0x46>
10001d1e:	464b      	mov	r3, r9
10001d20:	2b00      	cmp	r3, #0
10001d22:	d105      	bne.n	10001d30 <__wrap_putchar+0x78>
10001d24:	0030      	movs	r0, r6
10001d26:	b003      	add	sp, #12
10001d28:	bcc0      	pop	{r6, r7}
10001d2a:	46b9      	mov	r9, r7
10001d2c:	46b0      	mov	r8, r6
10001d2e:	bdf0      	pop	{r4, r5, r6, r7, pc}
10001d30:	4640      	mov	r0, r8
10001d32:	f000 f9d1 	bl	100020d8 <__mutex_exit_veneer>
10001d36:	e7f5      	b.n	10001d24 <__wrap_putchar+0x6c>
10001d38:	000f4240 	.word	0x000f4240
10001d3c:	7fffffff 	.word	0x7fffffff
10001d40:	2000023c 	.word	0x2000023c
10001d44:	20000794 	.word	0x20000794
10001d48:	20000798 	.word	0x20000798

10001d4c <__wrap_puts>:
10001d4c:	b570      	push	{r4, r5, r6, lr}
10001d4e:	0004      	movs	r4, r0
10001d50:	f000 f930 	bl	10001fb4 <strlen>
10001d54:	2301      	movs	r3, #1
10001d56:	0001      	movs	r1, r0
10001d58:	0005      	movs	r5, r0
10001d5a:	2201      	movs	r2, #1
10001d5c:	0020      	movs	r0, r4
10001d5e:	f7ff ff0f 	bl	10001b80 <stdio_put_string>
10001d62:	4b08      	ldr	r3, [pc, #32]	@ (10001d84 <__wrap_puts+0x38>)
10001d64:	681c      	ldr	r4, [r3, #0]
10001d66:	2c00      	cmp	r4, #0
10001d68:	d006      	beq.n	10001d78 <__wrap_puts+0x2c>
10001d6a:	6863      	ldr	r3, [r4, #4]
10001d6c:	2b00      	cmp	r3, #0
10001d6e:	d005      	beq.n	10001d7c <__wrap_puts+0x30>
10001d70:	4798      	blx	r3
10001d72:	6924      	ldr	r4, [r4, #16]
10001d74:	2c00      	cmp	r4, #0
10001d76:	d1f8      	bne.n	10001d6a <__wrap_puts+0x1e>
10001d78:	0028      	movs	r0, r5
10001d7a:	bd70      	pop	{r4, r5, r6, pc}
10001d7c:	6924      	ldr	r4, [r4, #16]
10001d7e:	2c00      	cmp	r4, #0
10001d80:	d1f3      	bne.n	10001d6a <__wrap_puts+0x1e>
10001d82:	e7f9      	b.n	10001d78 <__wrap_puts+0x2c>
10001d84:	20000794 	.word	0x20000794

10001d88 <stdio_uart_out_chars>:
10001d88:	b5f0      	push	{r4, r5, r6, r7, lr}
10001d8a:	2900      	cmp	r1, #0
10001d8c:	dd15      	ble.n	10001dba <stdio_uart_out_chars+0x32>
10001d8e:	4b0e      	ldr	r3, [pc, #56]	@ (10001dc8 <stdio_uart_out_chars+0x40>)
10001d90:	270d      	movs	r7, #13
10001d92:	681a      	ldr	r2, [r3, #0]
10001d94:	4b0d      	ldr	r3, [pc, #52]	@ (10001dcc <stdio_uart_out_chars+0x44>)
10001d96:	4c0e      	ldr	r4, [pc, #56]	@ (10001dd0 <stdio_uart_out_chars+0x48>)
10001d98:	18d3      	adds	r3, r2, r3
10001d9a:	425d      	negs	r5, r3
10001d9c:	416b      	adcs	r3, r5
10001d9e:	1845      	adds	r5, r0, r1
10001da0:	2120      	movs	r1, #32
10001da2:	005b      	lsls	r3, r3, #1
10001da4:	5f1e      	ldrsh	r6, [r3, r4]
10001da6:	7804      	ldrb	r4, [r0, #0]
10001da8:	42a6      	cmp	r6, r4
10001daa:	d007      	beq.n	10001dbc <stdio_uart_out_chars+0x34>
10001dac:	6993      	ldr	r3, [r2, #24]
10001dae:	4219      	tst	r1, r3
10001db0:	d1fc      	bne.n	10001dac <stdio_uart_out_chars+0x24>
10001db2:	3001      	adds	r0, #1
10001db4:	6014      	str	r4, [r2, #0]
10001db6:	42a8      	cmp	r0, r5
10001db8:	d1f5      	bne.n	10001da6 <stdio_uart_out_chars+0x1e>
10001dba:	bdf0      	pop	{r4, r5, r6, r7, pc}
10001dbc:	6993      	ldr	r3, [r2, #24]
10001dbe:	4219      	tst	r1, r3
10001dc0:	d1fc      	bne.n	10001dbc <stdio_uart_out_chars+0x34>
10001dc2:	6017      	str	r7, [r2, #0]
10001dc4:	e7f2      	b.n	10001dac <stdio_uart_out_chars+0x24>
10001dc6:	46c0      	nop			@ (mov r8, r8)
10001dc8:	200007d4 	.word	0x200007d4
10001dcc:	bffc8000 	.word	0xbffc8000
10001dd0:	200007d0 	.word	0x200007d0

10001dd4 <stdio_uart_in_chars>:
10001dd4:	4b20      	ldr	r3, [pc, #128]	@ (10001e58 <stdio_uart_in_chars+0x84>)
10001dd6:	b570      	push	{r4, r5, r6, lr}
10001dd8:	0004      	movs	r4, r0
10001dda:	1e0d      	subs	r5, r1, #0
10001ddc:	681e      	ldr	r6, [r3, #0]
10001dde:	dd2a      	ble.n	10001e36 <stdio_uart_in_chars+0x62>
10001de0:	2000      	movs	r0, #0
10001de2:	2110      	movs	r1, #16
10001de4:	4b1d      	ldr	r3, [pc, #116]	@ (10001e5c <stdio_uart_in_chars+0x88>)
10001de6:	3c01      	subs	r4, #1
10001de8:	681a      	ldr	r2, [r3, #0]
10001dea:	6993      	ldr	r3, [r2, #24]
10001dec:	4219      	tst	r1, r3
10001dee:	d114      	bne.n	10001e1a <stdio_uart_in_chars+0x46>
10001df0:	3001      	adds	r0, #1
10001df2:	6993      	ldr	r3, [r2, #24]
10001df4:	4219      	tst	r1, r3
10001df6:	d1fc      	bne.n	10001df2 <stdio_uart_in_chars+0x1e>
10001df8:	6813      	ldr	r3, [r2, #0]
10001dfa:	5423      	strb	r3, [r4, r0]
10001dfc:	4285      	cmp	r5, r0
10001dfe:	d1f4      	bne.n	10001dea <stdio_uart_in_chars+0x16>
10001e00:	2e00      	cmp	r6, #0
10001e02:	d008      	beq.n	10001e16 <stdio_uart_in_chars+0x42>
10001e04:	2350      	movs	r3, #80	@ 0x50
10001e06:	6393      	str	r3, [r2, #56]	@ 0x38
10001e08:	6b51      	ldr	r1, [r2, #52]	@ 0x34
10001e0a:	3b18      	subs	r3, #24
10001e0c:	400b      	ands	r3, r1
10001e0e:	4914      	ldr	r1, [pc, #80]	@ (10001e60 <stdio_uart_in_chars+0x8c>)
10001e10:	468c      	mov	ip, r1
10001e12:	4462      	add	r2, ip
10001e14:	6013      	str	r3, [r2, #0]
10001e16:	0028      	movs	r0, r5
10001e18:	bd70      	pop	{r4, r5, r6, pc}
10001e1a:	2e00      	cmp	r6, #0
10001e1c:	d008      	beq.n	10001e30 <stdio_uart_in_chars+0x5c>
10001e1e:	2350      	movs	r3, #80	@ 0x50
10001e20:	6393      	str	r3, [r2, #56]	@ 0x38
10001e22:	6b51      	ldr	r1, [r2, #52]	@ 0x34
10001e24:	3b18      	subs	r3, #24
10001e26:	400b      	ands	r3, r1
10001e28:	490d      	ldr	r1, [pc, #52]	@ (10001e60 <stdio_uart_in_chars+0x8c>)
10001e2a:	468c      	mov	ip, r1
10001e2c:	4462      	add	r2, ip
10001e2e:	6013      	str	r3, [r2, #0]
10001e30:	2800      	cmp	r0, #0
10001e32:	d1f1      	bne.n	10001e18 <stdio_uart_in_chars+0x44>
10001e34:	e00c      	b.n	10001e50 <stdio_uart_in_chars+0x7c>
10001e36:	2e00      	cmp	r6, #0
10001e38:	d00a      	beq.n	10001e50 <stdio_uart_in_chars+0x7c>
10001e3a:	2250      	movs	r2, #80	@ 0x50
10001e3c:	4b07      	ldr	r3, [pc, #28]	@ (10001e5c <stdio_uart_in_chars+0x88>)
10001e3e:	681b      	ldr	r3, [r3, #0]
10001e40:	639a      	str	r2, [r3, #56]	@ 0x38
10001e42:	6b59      	ldr	r1, [r3, #52]	@ 0x34
10001e44:	3a18      	subs	r2, #24
10001e46:	400a      	ands	r2, r1
10001e48:	4905      	ldr	r1, [pc, #20]	@ (10001e60 <stdio_uart_in_chars+0x8c>)
10001e4a:	468c      	mov	ip, r1
10001e4c:	4463      	add	r3, ip
10001e4e:	601a      	str	r2, [r3, #0]
10001e50:	2003      	movs	r0, #3
10001e52:	4240      	negs	r0, r0
10001e54:	e7e0      	b.n	10001e18 <stdio_uart_in_chars+0x44>
10001e56:	46c0      	nop			@ (mov r8, r8)
10001e58:	20000760 	.word	0x20000760
10001e5c:	200007d4 	.word	0x200007d4
10001e60:	00001034 	.word	0x00001034

10001e64 <on_uart_rx>:
10001e64:	4b06      	ldr	r3, [pc, #24]	@ (10001e80 <on_uart_rx+0x1c>)
10001e66:	b510      	push	{r4, lr}
10001e68:	681b      	ldr	r3, [r3, #0]
10001e6a:	2b00      	cmp	r3, #0
10001e6c:	d006      	beq.n	10001e7c <on_uart_rx+0x18>
10001e6e:	2100      	movs	r1, #0
10001e70:	4a04      	ldr	r2, [pc, #16]	@ (10001e84 <on_uart_rx+0x20>)
10001e72:	6812      	ldr	r2, [r2, #0]
10001e74:	6391      	str	r1, [r2, #56]	@ 0x38
10001e76:	4a04      	ldr	r2, [pc, #16]	@ (10001e88 <on_uart_rx+0x24>)
10001e78:	6810      	ldr	r0, [r2, #0]
10001e7a:	4798      	blx	r3
10001e7c:	bd10      	pop	{r4, pc}
10001e7e:	46c0      	nop			@ (mov r8, r8)
10001e80:	20000760 	.word	0x20000760
10001e84:	200007d4 	.word	0x200007d4
10001e88:	20000764 	.word	0x20000764

10001e8c <stdio_uart_out_flush>:
10001e8c:	2208      	movs	r2, #8
10001e8e:	4b03      	ldr	r3, [pc, #12]	@ (10001e9c <stdio_uart_out_flush+0x10>)
10001e90:	6819      	ldr	r1, [r3, #0]
10001e92:	698b      	ldr	r3, [r1, #24]
10001e94:	421a      	tst	r2, r3
10001e96:	d1fc      	bne.n	10001e92 <stdio_uart_out_flush+0x6>
10001e98:	4770      	bx	lr
10001e9a:	46c0      	nop			@ (mov r8, r8)
10001e9c:	200007d4 	.word	0x200007d4

10001ea0 <stdio_uart_set_chars_available_callback>:
10001ea0:	b5f8      	push	{r3, r4, r5, r6, r7, lr}
10001ea2:	4f1a      	ldr	r7, [pc, #104]	@ (10001f0c <stdio_uart_set_chars_available_callback+0x6c>)
10001ea4:	4b1a      	ldr	r3, [pc, #104]	@ (10001f10 <stdio_uart_set_chars_available_callback+0x70>)
10001ea6:	683a      	ldr	r2, [r7, #0]
10001ea8:	0005      	movs	r5, r0
10001eaa:	18d3      	adds	r3, r2, r3
10001eac:	4258      	negs	r0, r3
10001eae:	4143      	adcs	r3, r0
10001eb0:	4e18      	ldr	r6, [pc, #96]	@ (10001f14 <stdio_uart_set_chars_available_callback+0x74>)
10001eb2:	3314      	adds	r3, #20
10001eb4:	001c      	movs	r4, r3
10001eb6:	6833      	ldr	r3, [r6, #0]
10001eb8:	2d00      	cmp	r5, #0
10001eba:	d002      	beq.n	10001ec2 <stdio_uart_set_chars_available_callback+0x22>
10001ebc:	2b00      	cmp	r3, #0
10001ebe:	d00f      	beq.n	10001ee0 <stdio_uart_set_chars_available_callback+0x40>
10001ec0:	bdf8      	pop	{r3, r4, r5, r6, r7, pc}
10001ec2:	2b00      	cmp	r3, #0
10001ec4:	d0fc      	beq.n	10001ec0 <stdio_uart_set_chars_available_callback+0x20>
10001ec6:	2100      	movs	r1, #0
10001ec8:	0020      	movs	r0, r4
10001eca:	6395      	str	r5, [r2, #56]	@ 0x38
10001ecc:	f7fe fb4c 	bl	10000568 <irq_set_enabled>
10001ed0:	0020      	movs	r0, r4
10001ed2:	4911      	ldr	r1, [pc, #68]	@ (10001f18 <stdio_uart_set_chars_available_callback+0x78>)
10001ed4:	f7fe fb84 	bl	100005e0 <irq_remove_handler>
10001ed8:	4b10      	ldr	r3, [pc, #64]	@ (10001f1c <stdio_uart_set_chars_available_callback+0x7c>)
10001eda:	6035      	str	r5, [r6, #0]
10001edc:	601d      	str	r5, [r3, #0]
10001ede:	e7ef      	b.n	10001ec0 <stdio_uart_set_chars_available_callback+0x20>
10001ee0:	4b0e      	ldr	r3, [pc, #56]	@ (10001f1c <stdio_uart_set_chars_available_callback+0x7c>)
10001ee2:	0020      	movs	r0, r4
10001ee4:	6019      	str	r1, [r3, #0]
10001ee6:	490c      	ldr	r1, [pc, #48]	@ (10001f18 <stdio_uart_set_chars_available_callback+0x78>)
10001ee8:	6035      	str	r5, [r6, #0]
10001eea:	f7fe fb4f 	bl	1000058c <irq_set_exclusive_handler>
10001eee:	2101      	movs	r1, #1
10001ef0:	0020      	movs	r0, r4
10001ef2:	f7fe fb39 	bl	10000568 <irq_set_enabled>
10001ef6:	2250      	movs	r2, #80	@ 0x50
10001ef8:	683b      	ldr	r3, [r7, #0]
10001efa:	639a      	str	r2, [r3, #56]	@ 0x38
10001efc:	6b59      	ldr	r1, [r3, #52]	@ 0x34
10001efe:	3a18      	subs	r2, #24
10001f00:	400a      	ands	r2, r1
10001f02:	4907      	ldr	r1, [pc, #28]	@ (10001f20 <stdio_uart_set_chars_available_callback+0x80>)
10001f04:	468c      	mov	ip, r1
10001f06:	4463      	add	r3, ip
10001f08:	601a      	str	r2, [r3, #0]
10001f0a:	e7d9      	b.n	10001ec0 <stdio_uart_set_chars_available_callback+0x20>
10001f0c:	200007d4 	.word	0x200007d4
10001f10:	bffc8000 	.word	0xbffc8000
10001f14:	20000760 	.word	0x20000760
10001f18:	10001e65 	.word	0x10001e65
10001f1c:	20000764 	.word	0x20000764
10001f20:	00001034 	.word	0x00001034

10001f24 <stdio_uart_init>:
10001f24:	4b0d      	ldr	r3, [pc, #52]	@ (10001f5c <stdio_uart_init+0x38>)
10001f26:	b510      	push	{r4, lr}
10001f28:	781b      	ldrb	r3, [r3, #0]
10001f2a:	4b0d      	ldr	r3, [pc, #52]	@ (10001f60 <stdio_uart_init+0x3c>)
10001f2c:	4c0d      	ldr	r4, [pc, #52]	@ (10001f64 <stdio_uart_init+0x40>)
10001f2e:	781b      	ldrb	r3, [r3, #0]
10001f30:	4b0d      	ldr	r3, [pc, #52]	@ (10001f68 <stdio_uart_init+0x44>)
10001f32:	2102      	movs	r1, #2
10001f34:	781b      	ldrb	r3, [r3, #0]
10001f36:	4b0d      	ldr	r3, [pc, #52]	@ (10001f6c <stdio_uart_init+0x48>)
10001f38:	2000      	movs	r0, #0
10001f3a:	6023      	str	r3, [r4, #0]
10001f3c:	f7fe fa74 	bl	10000428 <gpio_set_function>
10001f40:	2102      	movs	r1, #2
10001f42:	2001      	movs	r0, #1
10001f44:	f7fe fa70 	bl	10000428 <gpio_set_function>
10001f48:	21e1      	movs	r1, #225	@ 0xe1
10001f4a:	6820      	ldr	r0, [r4, #0]
10001f4c:	0249      	lsls	r1, r1, #9
10001f4e:	f7ff f92d 	bl	100011ac <uart_init>
10001f52:	2101      	movs	r1, #1
10001f54:	4806      	ldr	r0, [pc, #24]	@ (10001f70 <stdio_uart_init+0x4c>)
10001f56:	f7ff fe91 	bl	10001c7c <stdio_set_driver_enabled>
10001f5a:	bd10      	pop	{r4, pc}
10001f5c:	10002290 	.word	0x10002290
10001f60:	1000228c 	.word	0x1000228c
10001f64:	200007d4 	.word	0x200007d4
10001f68:	10002288 	.word	0x10002288
10001f6c:	40034000 	.word	0x40034000
10001f70:	20000220 	.word	0x20000220

10001f74 <atexit>:
10001f74:	b510      	push	{r4, lr}
10001f76:	0001      	movs	r1, r0
10001f78:	2300      	movs	r3, #0
10001f7a:	2200      	movs	r2, #0
10001f7c:	2000      	movs	r0, #0
10001f7e:	f000 f847 	bl	10002010 <__register_exitproc>
10001f82:	bd10      	pop	{r4, pc}

10001f84 <__libc_fini_array>:
10001f84:	b570      	push	{r4, r5, r6, lr}
10001f86:	4c07      	ldr	r4, [pc, #28]	@ (10001fa4 <__libc_fini_array+0x20>)
10001f88:	4d07      	ldr	r5, [pc, #28]	@ (10001fa8 <__libc_fini_array+0x24>)
10001f8a:	1b64      	subs	r4, r4, r5
10001f8c:	10a4      	asrs	r4, r4, #2
10001f8e:	d005      	beq.n	10001f9c <__libc_fini_array+0x18>
10001f90:	3c01      	subs	r4, #1
10001f92:	00a3      	lsls	r3, r4, #2
10001f94:	58eb      	ldr	r3, [r5, r3]
10001f96:	4798      	blx	r3
10001f98:	2c00      	cmp	r4, #0
10001f9a:	d1f9      	bne.n	10001f90 <__libc_fini_array+0xc>
10001f9c:	f000 f898 	bl	100020d0 <_fini>
10001fa0:	bd70      	pop	{r4, r5, r6, pc}
10001fa2:	46c0      	nop			@ (mov r8, r8)
10001fa4:	1000214c 	.word	0x1000214c
10001fa8:	1000214c 	.word	0x1000214c

10001fac <__retarget_lock_acquire_recursive>:
10001fac:	4770      	bx	lr
10001fae:	46c0      	nop			@ (mov r8, r8)

10001fb0 <__retarget_lock_release_recursive>:
10001fb0:	4770      	bx	lr
10001fb2:	46c0      	nop			@ (mov r8, r8)

10001fb4 <strlen>:
10001fb4:	b510      	push	{r4, lr}
10001fb6:	0783      	lsls	r3, r0, #30
10001fb8:	d00a      	beq.n	10001fd0 <strlen+0x1c>
10001fba:	0003      	movs	r3, r0
10001fbc:	2103      	movs	r1, #3
10001fbe:	e002      	b.n	10001fc6 <strlen+0x12>
10001fc0:	3301      	adds	r3, #1
10001fc2:	420b      	tst	r3, r1
10001fc4:	d005      	beq.n	10001fd2 <strlen+0x1e>
10001fc6:	781a      	ldrb	r2, [r3, #0]
10001fc8:	2a00      	cmp	r2, #0
10001fca:	d1f9      	bne.n	10001fc0 <strlen+0xc>
10001fcc:	1a18      	subs	r0, r3, r0
10001fce:	bd10      	pop	{r4, pc}
10001fd0:	0003      	movs	r3, r0
10001fd2:	6819      	ldr	r1, [r3, #0]
10001fd4:	4a0c      	ldr	r2, [pc, #48]	@ (10002008 <strlen+0x54>)
10001fd6:	4c0d      	ldr	r4, [pc, #52]	@ (1000200c <strlen+0x58>)
10001fd8:	188a      	adds	r2, r1, r2
10001fda:	438a      	bics	r2, r1
10001fdc:	4222      	tst	r2, r4
10001fde:	d10f      	bne.n	10002000 <strlen+0x4c>
10001fe0:	6859      	ldr	r1, [r3, #4]
10001fe2:	4a09      	ldr	r2, [pc, #36]	@ (10002008 <strlen+0x54>)
10001fe4:	3304      	adds	r3, #4
10001fe6:	188a      	adds	r2, r1, r2
10001fe8:	438a      	bics	r2, r1
10001fea:	4222      	tst	r2, r4
10001fec:	d108      	bne.n	10002000 <strlen+0x4c>
10001fee:	6859      	ldr	r1, [r3, #4]
10001ff0:	4a05      	ldr	r2, [pc, #20]	@ (10002008 <strlen+0x54>)
10001ff2:	3304      	adds	r3, #4
10001ff4:	188a      	adds	r2, r1, r2
10001ff6:	438a      	bics	r2, r1
10001ff8:	4222      	tst	r2, r4
10001ffa:	d0f1      	beq.n	10001fe0 <strlen+0x2c>
10001ffc:	e000      	b.n	10002000 <strlen+0x4c>
10001ffe:	3301      	adds	r3, #1
10002000:	781a      	ldrb	r2, [r3, #0]
10002002:	2a00      	cmp	r2, #0
10002004:	d1fb      	bne.n	10001ffe <strlen+0x4a>
10002006:	e7e1      	b.n	10001fcc <strlen+0x18>
10002008:	fefefeff 	.word	0xfefefeff
1000200c:	80808080 	.word	0x80808080

10002010 <__register_exitproc>:
10002010:	b5f0      	push	{r4, r5, r6, r7, lr}
10002012:	46d6      	mov	lr, sl
10002014:	464f      	mov	r7, r9
10002016:	4646      	mov	r6, r8
10002018:	4698      	mov	r8, r3
1000201a:	4b24      	ldr	r3, [pc, #144]	@ (100020ac <__register_exitproc+0x9c>)
1000201c:	b5c0      	push	{r6, r7, lr}
1000201e:	0006      	movs	r6, r0
10002020:	6818      	ldr	r0, [r3, #0]
10002022:	469a      	mov	sl, r3
10002024:	000f      	movs	r7, r1
10002026:	4691      	mov	r9, r2
10002028:	f7ff ffc0 	bl	10001fac <__retarget_lock_acquire_recursive>
1000202c:	4b20      	ldr	r3, [pc, #128]	@ (100020b0 <__register_exitproc+0xa0>)
1000202e:	681d      	ldr	r5, [r3, #0]
10002030:	2d00      	cmp	r5, #0
10002032:	d032      	beq.n	1000209a <__register_exitproc+0x8a>
10002034:	4653      	mov	r3, sl
10002036:	686c      	ldr	r4, [r5, #4]
10002038:	6818      	ldr	r0, [r3, #0]
1000203a:	2c1f      	cmp	r4, #31
1000203c:	dc30      	bgt.n	100020a0 <__register_exitproc+0x90>
1000203e:	2e00      	cmp	r6, #0
10002040:	d10c      	bne.n	1000205c <__register_exitproc+0x4c>
10002042:	1c63      	adds	r3, r4, #1
10002044:	3402      	adds	r4, #2
10002046:	00a4      	lsls	r4, r4, #2
10002048:	606b      	str	r3, [r5, #4]
1000204a:	5167      	str	r7, [r4, r5]
1000204c:	f7ff ffb0 	bl	10001fb0 <__retarget_lock_release_recursive>
10002050:	2000      	movs	r0, #0
10002052:	bce0      	pop	{r5, r6, r7}
10002054:	46ba      	mov	sl, r7
10002056:	46b1      	mov	r9, r6
10002058:	46a8      	mov	r8, r5
1000205a:	bdf0      	pop	{r4, r5, r6, r7, pc}
1000205c:	4649      	mov	r1, r9
1000205e:	2288      	movs	r2, #136	@ 0x88
10002060:	00a3      	lsls	r3, r4, #2
10002062:	18eb      	adds	r3, r5, r3
10002064:	5099      	str	r1, [r3, r2]
10002066:	21c4      	movs	r1, #196	@ 0xc4
10002068:	0049      	lsls	r1, r1, #1
1000206a:	468c      	mov	ip, r1
1000206c:	44ac      	add	ip, r5
1000206e:	4661      	mov	r1, ip
10002070:	3a87      	subs	r2, #135	@ 0x87
10002072:	40a2      	lsls	r2, r4
10002074:	6809      	ldr	r1, [r1, #0]
10002076:	4691      	mov	r9, r2
10002078:	4311      	orrs	r1, r2
1000207a:	4662      	mov	r2, ip
1000207c:	6011      	str	r1, [r2, #0]
1000207e:	2184      	movs	r1, #132	@ 0x84
10002080:	4642      	mov	r2, r8
10002082:	0049      	lsls	r1, r1, #1
10002084:	505a      	str	r2, [r3, r1]
10002086:	2e02      	cmp	r6, #2
10002088:	d1db      	bne.n	10002042 <__register_exitproc+0x32>
1000208a:	0029      	movs	r1, r5
1000208c:	464a      	mov	r2, r9
1000208e:	318d      	adds	r1, #141	@ 0x8d
10002090:	31ff      	adds	r1, #255	@ 0xff
10002092:	680b      	ldr	r3, [r1, #0]
10002094:	4313      	orrs	r3, r2
10002096:	600b      	str	r3, [r1, #0]
10002098:	e7d3      	b.n	10002042 <__register_exitproc+0x32>
1000209a:	4d06      	ldr	r5, [pc, #24]	@ (100020b4 <__register_exitproc+0xa4>)
1000209c:	601d      	str	r5, [r3, #0]
1000209e:	e7c9      	b.n	10002034 <__register_exitproc+0x24>
100020a0:	f7ff ff86 	bl	10001fb0 <__retarget_lock_release_recursive>
100020a4:	2001      	movs	r0, #1
100020a6:	4240      	negs	r0, r0
100020a8:	e7d3      	b.n	10002052 <__register_exitproc+0x42>
100020aa:	46c0      	nop			@ (mov r8, r8)
100020ac:	20000238 	.word	0x20000238
100020b0:	200005c8 	.word	0x200005c8
100020b4:	200005cc 	.word	0x200005cc

100020b8 <register_fini>:
100020b8:	4b03      	ldr	r3, [pc, #12]	@ (100020c8 <register_fini+0x10>)
100020ba:	b510      	push	{r4, lr}
100020bc:	2b00      	cmp	r3, #0
100020be:	d002      	beq.n	100020c6 <register_fini+0xe>
100020c0:	4802      	ldr	r0, [pc, #8]	@ (100020cc <register_fini+0x14>)
100020c2:	f7ff ff57 	bl	10001f74 <atexit>
100020c6:	bd10      	pop	{r4, pc}
100020c8:	00000000 	.word	0x00000000
100020cc:	10001f85 	.word	0x10001f85

100020d0 <_fini>:
100020d0:	b5f8      	push	{r3, r4, r5, r6, r7, lr}
100020d2:	46c0      	nop			@ (mov r8, r8)
100020d4:	0000      	movs	r0, r0
	...

100020d8 <__mutex_exit_veneer>:
100020d8:	b401      	push	{r0}
100020da:	4802      	ldr	r0, [pc, #8]	@ (100020e4 <__mutex_exit_veneer+0xc>)
100020dc:	4684      	mov	ip, r0
100020de:	bc01      	pop	{r0}
100020e0:	4760      	bx	ip
100020e2:	bf00      	nop
100020e4:	20000159 	.word	0x20000159

100020e8 <____aeabi_idiv0_veneer>:
100020e8:	b401      	push	{r0}
100020ea:	4802      	ldr	r0, [pc, #8]	@ (100020f4 <____aeabi_idiv0_veneer+0xc>)
100020ec:	4684      	mov	ip, r0
100020ee:	bc01      	pop	{r0}
100020f0:	4760      	bx	ip
100020f2:	bf00      	nop
100020f4:	20000181 	.word	0x20000181

100020f8 <__mutex_try_enter_block_until_veneer>:
100020f8:	b401      	push	{r0}
100020fa:	4802      	ldr	r0, [pc, #8]	@ (10002104 <__mutex_try_enter_block_until_veneer+0xc>)
100020fc:	4684      	mov	ip, r0
100020fe:	bc01      	pop	{r0}
10002100:	4760      	bx	ip
10002102:	bf00      	nop
10002104:	200000c1 	.word	0x200000c1

10002108 <__pre_init_runtime_init_early_resets>:
10002108:	1000162d                                -...

1000210c <__pre_init_runtime_init_usb_power_down>:
1000210c:	10001659 1000183d 10001a2d 10001899     Y...=...-.......
1000211c:	1000199d                                ....

10002120 <__pre_init_runtime_init_clocks>:
10002120:	10001765                                e...

10002124 <__pre_init_runtime_init_post_clock_resets>:
10002124:	10001675                                u...

10002128 <__pre_init_runtime_init_rp2040_gpio_ie_disable>:
10002128:	10001695                                ....

1000212c <__pre_init_runtime_init_spin_locks_reset>:
1000212c:	100016a9                                ....

10002130 <__pre_init_runtime_init_mutex>:
10002130:	10000879                                y...

10002134 <__pre_init_runtime_init_install_ram_vector_table>:
10002134:	100016b1                                ....

10002138 <__pre_init_runtime_init_default_alarm_pool>:
10002138:	10000bf9                                ....

1000213c <__pre_init_first_per_core_initializer>:
1000213c:	100015f5                                ....

10002140 <__pre_init_runtime_init_per_core_irq_priorities>:
10002140:	10000545                                E...

10002144 <__init_array_start>:
10002144:	100020b9 	.word	0x100020b9

10002148 <__frame_dummy_init_array_entry>:
10002148:	10000289                                ....

Disassembly of section .data:

200000c0 <mutex_try_enter_block_until>:
200000c0:	b5f0      	push	{r4, r5, r6, r7, lr}
200000c2:	46c6      	mov	lr, r8
200000c4:	0015      	movs	r5, r2
200000c6:	b500      	push	{lr}
200000c8:	0004      	movs	r4, r0
200000ca:	001e      	movs	r6, r3
200000cc:	6802      	ldr	r2, [r0, #0]
200000ce:	f3ef 8110 	mrs	r1, PRIMASK
200000d2:	b672      	cpsid	i
200000d4:	6813      	ldr	r3, [r2, #0]
200000d6:	2b00      	cmp	r3, #0
200000d8:	d0fc      	beq.n	200000d4 <mutex_try_enter_block_until+0x14>
200000da:	f3bf 8f5f 	dmb	sy
200000de:	2304      	movs	r3, #4
200000e0:	56e3      	ldrsb	r3, [r4, r3]
200000e2:	6822      	ldr	r2, [r4, #0]
200000e4:	2b00      	cmp	r3, #0
200000e6:	db2b      	blt.n	20000140 <mutex_try_enter_block_until+0x80>
200000e8:	f3bf 8f5f 	dmb	sy
200000ec:	2000      	movs	r0, #0
200000ee:	6010      	str	r0, [r2, #0]
200000f0:	f381 8810 	msr	PRIMASK, r1
200000f4:	22d0      	movs	r2, #208	@ 0xd0
200000f6:	0612      	lsls	r2, r2, #24
200000f8:	7812      	ldrb	r2, [r2, #0]
200000fa:	2700      	movs	r7, #0
200000fc:	b252      	sxtb	r2, r2
200000fe:	4690      	mov	r8, r2
20000100:	429a      	cmp	r2, r3
20000102:	d10e      	bne.n	20000122 <mutex_try_enter_block_until+0x62>
20000104:	2000      	movs	r0, #0
20000106:	bc80      	pop	{r7}
20000108:	46b8      	mov	r8, r7
2000010a:	bdf0      	pop	{r4, r5, r6, r7, pc}
2000010c:	f3bf 8f5f 	dmb	sy
20000110:	6017      	str	r7, [r2, #0]
20000112:	f381 8810 	msr	PRIMASK, r1
20000116:	0028      	movs	r0, r5
20000118:	0031      	movs	r1, r6
2000011a:	f000 f835 	bl	20000188 <__best_effort_wfe_or_timeout_veneer>
2000011e:	2800      	cmp	r0, #0
20000120:	d1f0      	bne.n	20000104 <mutex_try_enter_block_until+0x44>
20000122:	6822      	ldr	r2, [r4, #0]
20000124:	f3ef 8110 	mrs	r1, PRIMASK
20000128:	b672      	cpsid	i
2000012a:	6813      	ldr	r3, [r2, #0]
2000012c:	2b00      	cmp	r3, #0
2000012e:	d0fc      	beq.n	2000012a <mutex_try_enter_block_until+0x6a>
20000130:	f3bf 8f5f 	dmb	sy
20000134:	7923      	ldrb	r3, [r4, #4]
20000136:	6822      	ldr	r2, [r4, #0]
20000138:	2b7f      	cmp	r3, #127	@ 0x7f
2000013a:	d9e7      	bls.n	2000010c <mutex_try_enter_block_until+0x4c>
2000013c:	4643      	mov	r3, r8
2000013e:	e002      	b.n	20000146 <mutex_try_enter_block_until+0x86>
20000140:	23d0      	movs	r3, #208	@ 0xd0
20000142:	061b      	lsls	r3, r3, #24
20000144:	681b      	ldr	r3, [r3, #0]
20000146:	7123      	strb	r3, [r4, #4]
20000148:	f3bf 8f5f 	dmb	sy
2000014c:	2300      	movs	r3, #0
2000014e:	6013      	str	r3, [r2, #0]
20000150:	f381 8810 	msr	PRIMASK, r1
20000154:	2001      	movs	r0, #1
20000156:	e7d6      	b.n	20000106 <mutex_try_enter_block_until+0x46>

20000158 <mutex_exit>:
20000158:	6802      	ldr	r2, [r0, #0]
2000015a:	f3ef 8110 	mrs	r1, PRIMASK
2000015e:	b672      	cpsid	i
20000160:	6813      	ldr	r3, [r2, #0]
20000162:	2b00      	cmp	r3, #0
20000164:	d0fc      	beq.n	20000160 <mutex_exit+0x8>
20000166:	f3bf 8f5f 	dmb	sy
2000016a:	23ff      	movs	r3, #255	@ 0xff
2000016c:	7103      	strb	r3, [r0, #4]
2000016e:	6803      	ldr	r3, [r0, #0]
20000170:	f3bf 8f5f 	dmb	sy
20000174:	2200      	movs	r2, #0
20000176:	601a      	str	r2, [r3, #0]
20000178:	f381 8810 	msr	PRIMASK, r1
2000017c:	bf40      	sev
2000017e:	4770      	bx	lr

20000180 <__aeabi_idiv0>:
20000180:	4770      	bx	lr
20000182:	46c0      	nop			@ (mov r8, r8)
20000184:	0000      	movs	r0, r0
	...

20000188 <__best_effort_wfe_or_timeout_veneer>:
20000188:	b401      	push	{r0}
2000018a:	4802      	ldr	r0, [pc, #8]	@ (20000194 <__best_effort_wfe_or_timeout_veneer+0xc>)
2000018c:	4684      	mov	ip, r0
2000018e:	bc01      	pop	{r0}
20000190:	4760      	bx	ip
20000192:	bf00      	nop
20000194:	10000fe1 	.word	0x10000fe1

20000198 <striped_spin_lock_num>:
20000198:	00000010                                ....

2000019c <irq_handler_chain_slots>:
2000019c:	00000000 	.word	0x00000000
200001a0:	00010000 	.word	0x00010000
	...
200001ac:	00020000 	.word	0x00020000
	...
200001b8:	00030000 	.word	0x00030000
	...
200001c4:	00ff0000 	.word	0x00ff0000
200001c8:	00000000 	.word	0x00000000

200001cc <irq_handler_chain_first_slot>:
200001cc:	b501      	push	{r0, lr}
200001ce:	6848      	ldr	r0, [r1, #4]
200001d0:	3101      	adds	r1, #1
200001d2:	468e      	mov	lr, r1
200001d4:	4700      	bx	r0

200001d6 <irq_handler_chain_remove_tail>:
200001d6:	4670      	mov	r0, lr
200001d8:	3809      	subs	r0, #9
200001da:	4901      	ldr	r1, [pc, #4]	@ (200001e0 <irq_handler_chain_remove_tail+0xa>)
200001dc:	4788      	blx	r1
200001de:	bd01      	pop	{r0, pc}
200001e0:	100007b5 	.word	0x100007b5

200001e4 <default_alarm_pool>:
	...
200001f8:	20000248 00000000                       H.. ....

20000200 <aeabi_bits_funcs>:
20000200:	00003350 	.word	0x00003350
20000204:	0000334c 	.word	0x0000334c
20000208:	00003354 	.word	0x00003354
2000020c:	00003352 	.word	0x00003352

20000210 <aeabi_bits_funcs_end>:
20000210:	0000534d 	.word	0x0000534d
20000214:	0000434d 	.word	0x0000434d
20000218:	00003453 	.word	0x00003453
2000021c:	00003443 	.word	0x00003443

20000220 <stdio_uart>:
20000220:	10001d89 10001e8d 10001dd5 10001ea1     ................
20000230:	00000000 00000100                       ........

20000238 <__atexit_recursive_mutex>:
20000238:	2000075c                                \.. 

2000023c <print_mutex>:
	...
